Date,conflict_searches_2011_2020
2011-11-25,0
2011-11-26,0
2011-11-27,3.396640043
2011-11-28,3.407267105
2011-11-29,3.393160204
2011-11-30,3.367621354
2011-12-01,3.342808698
2011-12-02,3.329798883
2011-12-03,3.366710667
2011-12-04,3.396640043
2011-12-05,3.487242511
2011-12-06,3.535940326
2011-12-07,3.581435536
2011-12-08,3.564143697
2011-12-09,3.51191305
2011-12-10,3.447456932
2011-12-11,3.396640043
2011-12-12,3.281411816
2011-12-13,3.229555789
2011-12-14,3.128818436
2011-12-15,3.109200484
2011-12-16,3.041319708
2011-12-17,3.031196609
2011-12-18,2.926636414
2011-12-19,2.865618401
2011-12-20,2.756122939
2011-12-21,2.612944353
2011-12-22,2.541417276
2011-12-23,2.465365438
2011-12-24,2.41581079
2011-12-25,2.41581079
2011-12-26,2.383598543
2011-12-27,2.424036607
2011-12-28,2.514764905
2011-12-29,2.659092023
2011-12-30,2.774000337
2011-12-31,2.79361328
2012-01-01,2.926636414
2012-01-02,2.933817813
2012-01-03,2.952446371
2012-01-04,2.974133655
2012-01-05,2.958053883
2012-01-06,2.961041149
2012-01-07,2.940682371
2012-01-08,2.926636414
2012-01-09,2.951984791
2012-01-10,2.986562538
2012-01-11,3.060471835
2012-01-12,3.008142513
2012-01-13,3.014548769
2012-01-14,3.073186374
2012-01-15,3.10895797
2012-01-16,3.058217027
2012-01-17,3.069817469
2012-01-18,3.068632095
2012-01-19,3.122628634
2012-01-20,3.149905363
2012-01-21,3.240328083
2012-01-22,3.26310865
2012-01-23,3.301938166
2012-01-24,3.287119167
2012-01-25,3.268044728
2012-01-26,3.291381446
2012-01-27,3.305983889
2012-01-28,3.256840795
2012-01-29,3.26310865
2012-01-30,3.284090624
2012-01-31,3.298861862
2012-02-01,3.321963257
2012-02-02,3.319969858
2012-02-03,3.30800397
2012-02-04,3.318647364
2012-02-05,3.26310865
2012-02-06,3.293011615
2012-02-07,3.296404574
2012-02-08,3.270852492
2012-02-09,3.287652401
2012-02-10,3.280523692
2012-02-11,3.254527913
2012-02-12,3.26310865
2012-02-13,3.188770223
2012-02-14,3.10212914
2012-02-15,3.073622818
2012-02-16,3.033705785
2012-02-17,3.101463356
2012-02-18,3.098405458
2012-02-19,3.10895797
2012-02-20,3.131135622
2012-02-21,3.222635144
2012-02-22,3.287859285
2012-02-23,3.293095618
2012-02-24,3.222968628
2012-02-25,3.250909434
2012-02-26,3.26310865
2012-02-27,3.265018567
2012-02-28,3.287770543
2012-02-29,3.286832983
2012-03-01,3.36454681
2012-03-02,3.397873368
2012-03-03,3.405441307
2012-03-04,3.396640043
2012-03-05,3.414818357
2012-03-06,3.420388321
2012-03-07,3.413018176
2012-03-08,3.37948295
2012-03-09,3.379404288
2012-03-10,3.382369522
2012-03-11,3.396640043
2012-03-12,3.409561155
2012-03-13,3.410177232
2012-03-14,3.431829658
2012-03-15,3.358830867
2012-03-16,3.35243033
2012-03-17,3.327287217
2012-03-18,3.26310865
2012-03-19,3.247100906
2012-03-20,3.237855174
2012-03-21,3.186467734
2012-03-22,3.243456553
2012-03-23,3.234806631
2012-03-24,3.21194096
2012-03-25,3.26310865
2012-03-26,3.274905083
2012-03-27,3.214366966
2012-03-28,3.191043904
2012-03-29,3.137107899
2012-03-30,3.147735213
2012-03-31,3.14648041
2012-04-01,3.10895797
2012-04-02,3.111606188
2012-04-03,3.128400476
2012-04-04,3.148705251
2012-04-05,3.240133649
2012-04-06,3.297484946
2012-04-07,3.366113452
2012-04-08,3.396640043
2012-04-09,3.400300004
2012-04-10,3.436955242
2012-04-11,3.472494505
2012-04-12,3.488991304
2012-04-13,3.517455513
2012-04-14,3.507410896
2012-04-15,3.514423079
2012-04-16,3.523881145
2012-04-17,3.572097341
2012-04-18,3.567149201
2012-04-19,3.572902429
2012-04-20,3.538731865
2012-04-21,3.525991909
2012-04-22,3.514423079
2012-04-23,3.506666057
2012-04-24,3.473899337
2012-04-25,3.485253093
2012-04-26,3.430343378
2012-04-27,3.406687187
2012-04-28,3.396792216
2012-04-29,3.396640043
2012-04-30,3.399703162
2012-05-01,3.381505558
2012-05-02,3.398999377
2012-05-03,3.42105842
2012-05-04,3.455993721
2012-05-05,3.476843329
2012-05-06,3.396640043
2012-05-07,3.375773203
2012-05-08,3.418933751
2012-05-09,3.435834351
2012-05-10,3.456769526
2012-05-11,3.426087467
2012-05-12,3.415332176
2012-05-13,3.514423079
2012-05-14,3.51269589
2012-05-15,3.448640634
2012-05-16,3.35861742
2012-05-17,3.30527688
2012-05-18,3.310063707
2012-05-19,3.291367794
2012-05-20,3.26310865
2012-05-21,3.14242668
2012-05-22,3.095093705
2012-05-23,3.183407244
2012-05-24,3.216248667
2012-05-25,3.180938749
2012-05-26,3.155183593
2012-05-27,3.10895797
2012-05-28,3.230350894
2012-05-29,3.276216393
2012-05-30,3.196633293
2012-05-31,3.128579793
2012-06-01,3.03711614
2012-06-02,2.997012295
2012-06-03,2.926636414
2012-06-04,2.904852026
2012-06-05,2.817152181
2012-06-06,2.730189589
2012-06-07,2.661623141
2012-06-08,2.656972847
2012-06-09,2.576741157
2012-06-10,2.703492862
2012-06-11,2.521171306
2012-06-12,2.548866422
2012-06-13,2.528547815
2012-06-14,2.514035666
2012-06-15,2.515217544
2012-06-16,2.382201613
2012-06-17,2.41581079
2012-06-18,2.738278978
2012-06-19,2.535464356
2012-06-20,2.542324343
2012-06-21,2.573815972
2012-06-22,2.591259467
2012-06-23,2.591259467
2012-06-24,2.41581079
2012-06-25,1.936918213
2012-06-26,1.936918213
2012-06-27,1.880425191
2012-06-28,1.816195926
2012-06-29,1.712713278
2012-06-30,2.010345682
2012-07-01,2.010345682
2012-07-02,2.210058981
2012-07-03,2.376449716
2012-07-04,2.371813706
2012-07-05,2.296945877
2012-07-06,2.319805562
2012-07-07,2.243960533
2012-07-08,2.41581079
2012-07-09,2.256383053
2012-07-10,2.343818299
2012-07-11,2.308842402
2012-07-12,2.373517693
2012-07-13,2.387358951
2012-07-14,2.419851199
2012-07-15,2.41581079
2012-07-16,2.544855549
2012-07-17,2.480414584
2012-07-18,2.511222791
2012-07-19,2.444370092
2012-07-20,2.450222307
2012-07-21,2.522441954
2012-07-22,2.703492862
2012-07-23,2.727260858
2012-07-24,2.8706459
2012-07-25,3.066947362
2012-07-26,3.10666833
2012-07-27,3.132992404
2012-07-28,3.129408581
2012-07-29,2.926636414
2012-07-30,2.898982141
2012-07-31,2.768037493
2012-08-01,2.47520977
2012-08-02,2.439416311
2012-08-03,2.312501156
2012-08-04,2.222024803
2012-08-05,2.41581079
2012-08-06,2.42849353
2012-08-07,2.350519894
2012-08-08,2.301933687
2012-08-09,2.271355038
2012-08-10,2.235786962
2012-08-11,2.244823718
2012-08-12,2.010345682
2012-08-13,2.38783095
2012-08-14,2.708268674
2012-08-15,2.66515322
2012-08-16,2.604640449
2012-08-17,2.518858603
2012-08-18,2.41581079
2012-08-19,2.41581079
2012-08-20,2.10603776
2012-08-21,1.484704972
2012-08-22,1.803352521
2012-08-23,2.023701473
2012-08-24,2.322515386
2012-08-25,2.290647647
2012-08-26,2.41581079
2012-08-27,2.436652363
2012-08-28,2.466086864
2012-08-29,2.438783803
2012-08-30,2.459156829
2012-08-31,2.470221949
2012-09-01,2.641710163
2012-09-02,2.703492862
2012-09-03,2.727468774
2012-09-04,2.785596516
2012-09-05,2.840530235
2012-09-06,2.897611313
2012-09-07,2.922284685
2012-09-08,2.941594228
2012-09-09,2.926636414
2012-09-10,2.918401293
2012-09-11,2.942539116
2012-09-12,3.055520491
2012-09-13,3.074831436
2012-09-14,3.120847248
2012-09-15,3.114070694
2012-09-16,3.10895797
2012-09-17,3.090422731
2012-09-18,3.134613559
2012-09-19,3.127949503
2012-09-20,3.173258244
2012-09-21,3.164118805
2012-09-22,3.229483578
2012-09-23,3.26310865
2012-09-24,3.311067367
2012-09-25,3.284215926
2012-09-26,3.281257969
2012-09-27,3.227355308
2012-09-28,3.198124724
2012-09-29,3.168013918
2012-09-30,3.10895797
2012-10-01,3.034987107
2012-10-02,3.039774095
2012-10-03,2.979746239
2012-10-04,2.955797096
2012-10-05,2.96097756
2012-10-06,2.936569095
2012-10-07,2.926636414
2012-10-08,2.964050849
2012-10-09,2.975286923
2012-10-10,2.95554016
2012-10-11,2.933455729
2012-10-12,2.94503887
2012-10-13,2.889798002
2012-10-14,2.926636414
2012-10-15,2.899683183
2012-10-16,2.87596407
2012-10-17,3.049529198
2012-10-18,3.195936564
2012-10-19,3.178352894
2012-10-20,3.259054134
2012-10-21,3.26310865
2012-10-22,3.311211195
2012-10-23,3.334746105
2012-10-24,3.240149229
2012-10-25,3.135546747
2012-10-26,3.107912128
2012-10-27,3.079611689
2012-10-28,3.10895797
2012-10-29,3.090939465
2012-10-30,3.137996526
2012-10-31,3.123142605
2012-11-01,3.105380149
2012-11-02,3.146632159
2012-11-03,3.12928567
2012-11-04,3.10895797
2012-11-05,3.116158308
2012-11-06,3.082196221
2012-11-07,3.137453381
2012-11-08,3.371771561
2012-11-09,4.02246192
2012-11-10,4.638462717
2012-11-11,5.078398617
2012-11-12,5.386369585
2012-11-13,5.617195121
2012-11-14,5.814477352
2012-11-15,5.929801436
2012-11-16,5.91652471
2012-11-17,5.812242541
2012-11-18,5.661003923
2012-11-19,5.469725403
2012-11-20,5.226181857
2012-11-21,4.888773409
2012-11-22,4.533867689
2012-11-23,4.389372644
2012-11-24,4.484338386
2012-11-25,4.452692717
2012-11-26,4.427911534
2012-11-27,4.447526416
2012-11-28,4.422449301
2012-11-29,4.404699337
2012-11-30,4.3383458
2012-12-01,4.12392023
2012-12-02,4.025248702
2012-12-03,3.969717922
2012-12-04,3.886084872
2012-12-05,3.822201015
2012-12-06,3.797178505
2012-12-07,3.756419138
2012-12-08,3.713694194
2012-12-09,3.715093774
2012-12-10,3.68482621
2012-12-11,3.653904009
2012-12-12,3.621845257
2012-12-13,3.534769199
2012-12-14,3.418170199
2012-12-15,3.332526697
2012-12-16,3.26310865
2012-12-17,3.075897108
2012-12-18,2.894055628
2012-12-19,2.714753267
2012-12-20,2.601482002
2012-12-21,2.716474438
2012-12-22,2.688573762
2012-12-23,2.703492862
2012-12-24,2.703492862
2012-12-25,2.650146882
2012-12-26,2.593793945
2012-12-27,2.584085131
2012-12-28,2.518570524
2012-12-29,2.61530015
2012-12-30,2.703492862
2012-12-31,2.827790579
2013-01-01,2.93621605
2013-01-02,3.065235159
2013-01-03,3.121358484
2013-01-04,3.201672011
2013-01-05,3.170316306
2013-01-06,3.10895797
2013-01-07,3.08093987
2013-01-08,3.116062796
2013-01-09,3.090971874
2013-01-10,3.096401752
2013-01-11,3.039774095
2013-01-12,3.106280593
2013-01-13,3.10895797
2013-01-14,3.131430826
2013-01-15,3.088549099
2013-01-16,3.075578748
2013-01-17,3.088549099
2013-01-18,3.103894668
2013-01-19,3.088549099
2013-01-20,3.10895797
2013-01-21,3.116505176
2013-01-22,3.128958637
2013-01-23,3.141258915
2013-01-24,3.067715012
2013-01-25,3.113995764
2013-01-26,3.098805599
2013-01-27,3.10895797
2013-01-28,3.138810934
2013-01-29,3.16779847
2013-01-30,3.195969347
2013-01-31,3.250036569
2013-02-01,3.223368322
2013-02-02,3.223368322
2013-02-03,3.10895797
2013-02-04,3.144755076
2013-02-05,3.089523826
2013-02-06,3.158878497
2013-02-07,3.165866103
2013-02-08,3.172805221
2013-02-09,3.148698299
2013-02-10,3.26310865
2013-02-11,3.215283271
2013-02-12,3.23722025
2013-02-13,3.147563869
2013-02-14,3.117820342
2013-02-15,3.091212428
2013-02-16,3.131650069
2013-02-17,3.10895797
2013-02-18,3.176849134
2013-02-19,3.168496884
2013-02-20,3.221771339
2013-02-21,3.24518374
2013-02-22,3.271393778
2013-02-23,3.250108537
2013-02-24,3.26310865
2013-02-25,3.22803904
2013-02-26,3.313353982
2013-02-27,3.260228794
2013-02-28,3.246643056
2013-03-01,3.254208222
2013-03-02,3.271003152
2013-03-03,3.26310865
2013-03-04,3.249053907
2013-03-05,3.160915413
2013-03-06,3.175950852
2013-03-07,3.175768159
2013-03-08,3.175550623
2013-03-09,3.148609507
2013-03-10,3.10895797
2013-03-11,3.127979047
2013-03-12,3.186208291
2013-03-13,3.204843849
2013-03-14,3.294238345
2013-03-15,3.455722905
2013-03-16,3.568011105
2013-03-17,3.619783594
2013-03-18,3.670818271
2013-03-19,3.664052769
2013-03-20,3.678498895
2013-03-21,3.631011665
2013-03-22,3.466740603
2013-03-23,3.304425271
2013-03-24,3.26310865
2013-03-25,3.1988775
2013-03-26,3.174941948
2013-03-27,3.108126156
2013-03-28,3.134844947
2013-03-29,3.154365611
2013-03-30,3.245136722
2013-03-31,3.26310865
2013-04-01,3.24685386
2013-04-02,3.283339215
2013-04-03,3.339893993
2013-04-04,3.355848243
2013-04-05,3.385240627
2013-04-06,3.410491638
2013-04-07,3.396640043
2013-04-08,3.416919962
2013-04-09,3.424972637
2013-04-10,3.426877543
2013-04-11,3.445996411
2013-04-12,3.435689498
2013-04-13,3.390926009
2013-04-14,3.396640043
2013-04-15,3.412024242
2013-04-16,3.425068574
2013-04-17,3.453116758
2013-04-18,3.438935883
2013-04-19,3.463406118
2013-04-20,3.524133195
2013-04-21,3.514423079
2013-04-22,3.466103392
2013-04-23,3.459851528
2013-04-24,3.474009497
2013-04-25,3.47941979
2013-04-26,3.490669801
2013-04-27,3.47866527
2013-04-28,3.514423079
2013-04-29,3.560188662
2013-04-30,3.605219967
2013-05-01,3.592369657
2013-05-02,3.631160135
2013-05-03,3.646277181
2013-05-04,3.64608831
2013-05-05,3.619783594
2013-05-06,3.597822036
2013-05-07,3.554841879
2013-05-08,3.525493942
2013-05-09,3.447887412
2013-05-10,3.37498553
2013-05-11,3.356573201
2013-05-12,3.396640043
2013-05-13,3.395485101
2013-05-14,3.367785833
2013-05-15,3.376320613
2013-05-16,3.342225394
2013-05-17,3.369259958
2013-05-18,3.331738783
2013-05-19,3.26310865
2013-05-20,3.240567519
2013-05-21,3.178344211
2013-05-22,3.120084829
2013-05-23,3.138749466
2013-05-24,3.126720701
2013-05-25,3.111205357
2013-05-26,3.10895797
2013-05-27,3.092062409
2013-05-28,3.132641924
2013-05-29,3.140752229
2013-05-30,3.112647187
2013-05-31,3.025261591
2013-06-01,2.948975573
2013-06-02,2.926636414
2013-06-03,2.890619047
2013-06-04,2.812394594
2013-06-05,2.707809894
2013-06-06,2.602918996
2013-06-07,2.540137786
2013-06-08,2.520618667
2013-06-09,2.41581079
2013-06-10,2.534604925
2013-06-11,2.514186101
2013-06-12,2.4914851
2013-06-13,2.540140272
2013-06-14,2.386334536
2013-06-15,2.41581079
2013-06-16,2.41581079
2013-06-17,2.107719846
2013-06-18,2.025655342
2013-06-19,2.109834084
2013-06-20,1.95264705
2013-06-21,2.177845413
2013-06-22,2.152121144
2013-06-23,2.41581079
2013-06-24,2.41581079
2013-06-25,2.433807726
2013-06-26,2.410381441
2013-06-27,2.460329554
2013-06-28,2.452651359
2013-06-29,2.30873185
2013-06-30,2.010345682
2013-07-01,2.010345682
2013-07-02,1.902186004
2013-07-03,1.801718892
2013-07-04,1.653311284
2013-07-05,1.54300517
2013-07-06,1.770395012
2013-07-07,2.010345682
2013-07-08,2.213828189
2013-07-09,2.266107759
2013-07-10,2.285762578
2013-07-11,2.2700743
2013-07-12,2.254066619
2013-07-13,2.279201199
2013-07-14,2.41581079
2013-07-15,2.380123649
2013-07-16,2.431644235
2013-07-17,2.422181799
2013-07-18,2.543586675
2013-07-19,2.525721862
2013-07-20,2.51406648
2013-07-21,2.41581079
2013-07-22,2.519670066
2013-07-23,2.625748749
2013-07-24,2.742553776
2013-07-25,2.823870886
2013-07-26,2.910994754
2013-07-27,2.938588166
2013-07-28,2.926636414
2013-07-29,2.926221726
2013-07-30,2.822432519
2013-07-31,2.767863885
2013-08-01,2.633404198
2013-08-02,2.587432164
2013-08-03,2.552635873
2013-08-04,2.41581079
2013-08-05,2.336166499
2013-08-06,2.340385815
2013-08-07,2.329827863
2013-08-08,2.458536735
2013-08-09,2.49979413
2013-08-10,2.53782574
2013-08-11,2.703492862
2013-08-12,2.586186812
2013-08-13,2.59584544
2013-08-14,2.587636697
2013-08-15,2.604382532
2013-08-16,2.58040295
2013-08-17,2.601096566
2013-08-18,2.41581079
2013-08-19,2.41581079
2013-08-20,2.436436497
2013-08-21,2.530799623
2013-08-22,2.413987277
2013-08-23,2.569034199
2013-08-24,2.54239771
2013-08-25,2.703492862
2013-08-26,2.797234414
2013-08-27,2.782575062
2013-08-28,2.655425352
2013-08-29,2.646796872
2013-08-30,2.501741428
2013-08-31,2.493830397
2013-09-01,2.41581079
2013-09-02,2.451947604
2013-09-03,2.478463642
2013-09-04,2.60433577
2013-09-05,2.67410453
2013-09-06,2.767660188
2013-09-07,2.787770621
2013-09-08,2.703492862
2013-09-09,2.761111615
2013-09-10,2.797405034
2013-09-11,2.786936629
2013-09-12,2.815185271
2013-09-13,2.757703205
2013-09-14,2.811627305
2013-09-15,2.926636414
2013-09-16,2.877547373
2013-09-17,2.893917624
2013-09-18,2.907436702
2013-09-19,2.913198709
2013-09-20,2.936482436
2013-09-21,2.932571256
2013-09-22,2.926636414
2013-09-23,2.930731345
2013-09-24,2.904173826
2013-09-25,2.866847588
2013-09-26,2.802563707
2013-09-27,2.740420817
2013-09-28,2.733571696
2013-09-29,2.703492862
2013-09-30,2.699174897
2013-10-01,2.689481794
2013-10-02,2.715650993
2013-10-03,2.762410999
2013-10-04,2.820405083
2013-10-05,2.796824802
2013-10-06,2.703492862
2013-10-07,2.699309216
2013-10-08,2.689404486
2013-10-09,2.644976359
2013-10-10,2.639134993
2013-10-11,2.637727974
2013-10-12,2.627506955
2013-10-13,2.703492862
2013-10-14,2.731741282
2013-10-15,2.800791287
2013-10-16,2.927458879
2013-10-17,3.012837175
2013-10-18,3.029537251
2013-10-19,3.066487787
2013-10-20,3.10895797
2013-10-21,3.106710892
2013-10-22,3.110366462
2013-10-23,3.019906642
2013-10-24,2.910708568
2013-10-25,2.9320665
2013-10-26,2.955327667
2013-10-27,2.926636414
2013-10-28,2.98883092
2013-10-29,3.003280925
2013-10-30,3.019360302
2013-10-31,3.103251231
2013-11-01,3.090978389
2013-11-02,3.072686359
2013-11-03,3.10895797
2013-11-04,3.038599355
2013-11-05,3.033921875
2013-11-06,3.102876564
2013-11-07,3.124743847
2013-11-08,3.155335501
2013-11-09,3.131040649
2013-11-10,3.10895797
2013-11-11,3.142391848
2013-11-12,3.213841187
2013-11-13,3.214650202
2013-11-14,3.227552196
2013-11-15,3.247574547
2013-11-16,3.284873836
2013-11-17,3.26310865
2013-11-18,3.238387136
2013-11-19,3.167297975
2013-11-20,3.110948205
2013-11-21,2.957223856
2013-11-22,2.798140154
2013-11-23,2.688908711
2013-11-24,2.703492862
2013-11-25,2.754381642
2013-11-26,2.757454754
2013-11-27,2.834036194
2013-11-28,2.975067163
2013-11-29,3.142756488
2013-11-30,3.227884358
2013-12-01,3.26310865
2013-12-02,3.272924517
2013-12-03,3.295980776
2013-12-04,3.279890548
2013-12-05,3.226493947
2013-12-06,3.154398795
2013-12-07,3.116891963
2013-12-08,3.10895797
2013-12-09,3.097719662
2013-12-10,3.173301769
2013-12-11,3.189365771
2013-12-12,3.222164793
2013-12-13,3.230344258
2013-12-14,3.200437543
2013-12-15,3.10895797
2013-12-16,3.032812923
2013-12-17,2.816350713
2013-12-18,2.650826146
2013-12-19,2.458535735
2013-12-20,2.326942402
2013-12-21,2.267594846
2013-12-22,2.41581079
2013-12-23,2.448812594
2013-12-24,2.377737809
2013-12-25,2.38685886
2013-12-26,2.405466919
2013-12-27,2.411651338
2013-12-28,2.409478086
2013-12-29,2.41581079
2013-12-30,2.448225806
2013-12-31,2.592264427
2014-01-01,2.643931461
2014-01-02,2.733138561
2014-01-03,2.797063766
2014-01-04,2.844026616
2014-01-05,2.926636414
2014-01-06,2.979148371
2014-01-07,3.011499548
2014-01-08,3.035208386
2014-01-09,3.070951281
2014-01-10,3.075611155
2014-01-11,3.15798936
2014-01-12,3.10895797
2014-01-13,3.062469204
2014-01-14,2.981950162
2014-01-15,2.989986059
2014-01-16,2.980831854
2014-01-17,3.008489107
2014-01-18,2.934150868
2014-01-19,2.926636414
2014-01-20,2.92847529
2014-01-21,2.980050129
2014-01-22,2.978401399
2014-01-23,3.004536894
2014-01-24,3.031613195
2014-01-25,3.068882139
2014-01-26,3.10895797
2014-01-27,3.111204991
2014-01-28,3.146140003
2014-01-29,3.162327209
2014-01-30,3.175123631
2014-01-31,3.130221115
2014-02-01,3.125978736
2014-02-02,3.10895797
2014-02-03,3.141047147
2014-02-04,3.105972814
2014-02-05,3.129034941
2014-02-06,3.096965941
2014-02-07,3.055586593
2014-02-08,2.99827519
2014-02-09,2.926636414
2014-02-10,2.90018423
2014-02-11,2.906729168
2014-02-12,2.87932478
2014-02-13,2.901550531
2014-02-14,3.024318624
2014-02-15,3.047305926
2014-02-16,3.10895797
2014-02-17,3.115428922
2014-02-18,3.158869964
2014-02-19,3.197624839
2014-02-20,3.192008397
2014-02-21,3.249127891
2014-02-22,3.279208493
2014-02-23,3.26310865
2014-02-24,3.310271897
2014-02-25,3.301690704
2014-02-26,3.316346546
2014-02-27,3.320733805
2014-02-28,3.225580456
2014-03-01,3.258059854
2014-03-02,3.26310865
2014-03-03,3.199599928
2014-03-04,3.186531367
2014-03-05,3.185663026
2014-03-06,3.190301896
2014-03-07,3.18306151
2014-03-08,3.136402575
2014-03-09,3.10895797
2014-03-10,3.168834945
2014-03-11,3.16126587
2014-03-12,3.093835658
2014-03-13,3.062215915
2014-03-14,3.06540289
2014-03-15,3.085075593
2014-03-16,3.10895797
2014-03-17,3.091601816
2014-03-18,3.114611019
2014-03-19,3.137102685
2014-03-20,3.162255612
2014-03-21,3.1555706
2014-03-22,3.127663687
2014-03-23,3.10895797
2014-03-24,3.080665712
2014-03-25,3.131544711
2014-03-26,3.130977391
2014-03-27,3.160684202
2014-03-28,3.203523731
2014-03-29,3.233711536
2014-03-30,3.26310865
2014-03-31,3.289290258
2014-04-01,3.256604009
2014-04-02,3.270439863
2014-04-03,3.327282702
2014-04-04,3.36831922
2014-04-05,3.373032698
2014-04-06,3.396640043
2014-04-07,3.42450727
2014-04-08,3.418007401
2014-04-09,3.447525022
2014-04-10,3.39773928
2014-04-11,3.32651947
2014-04-12,3.299287753
2014-04-13,3.26310865
2014-04-14,3.222056931
2014-04-15,3.244130534
2014-04-16,3.225182084
2014-04-17,3.222712841
2014-04-18,3.294580188
2014-04-19,3.355668991
2014-04-20,3.396640043
2014-04-21,3.455794596
2014-04-22,3.531216248
2014-04-23,3.552983687
2014-04-24,3.564589976
2014-04-25,3.550983107
2014-04-26,3.55425265
2014-04-27,3.514423079
2014-04-28,3.467899654
2014-04-29,3.44276259
2014-04-30,3.47673816
2014-05-01,3.491202957
2014-05-02,3.503391735
2014-05-03,3.497693611
2014-05-04,3.514423079
2014-05-05,3.698750816
2014-05-06,3.843841835
2014-05-07,3.733500382
2014-05-08,3.644802375
2014-05-09,3.542041
2014-05-10,3.448706157
2014-05-11,3.396640043
2014-05-12,3.079036291
2014-05-13,2.65443312
2014-05-14,2.867332957
2014-05-15,3.053858637
2014-05-16,3.242639097
2014-05-17,3.359906287
2014-05-18,3.396640043
2014-05-19,3.460961432
2014-05-20,3.447433864
2014-05-21,3.454015541
2014-05-22,3.461368516
2014-05-23,3.429107653
2014-05-24,3.415139172
2014-05-25,3.396640043
2014-05-26,3.351301362
2014-05-27,3.348049327
2014-05-28,3.322122822
2014-05-29,3.247794415
2014-05-30,3.141518986
2014-05-31,3.08200216
2014-06-01,3.10895797
2014-06-02,3.148567109
2014-06-03,3.106429524
2014-06-04,3.062437955
2014-06-05,2.991174935
2014-06-06,2.979746239
2014-06-07,2.905196082
2014-06-08,2.926636414
2014-06-09,2.889595142
2014-06-10,2.811123526
2014-06-11,2.680503344
2014-06-12,2.711040068
2014-06-13,2.695888263
2014-06-14,2.71853074
2014-06-15,2.703492862
2014-06-16,2.745768345
2014-06-17,2.722626817
2014-06-18,2.74358732
2014-06-19,2.674672424
2014-06-20,2.609431902
2014-06-21,2.582864875
2014-06-22,2.41581079
2014-06-23,2.276331826
2014-06-24,2.298852885
2014-06-25,2.638199339
2014-06-26,2.891106992
2014-06-27,3.145544593
2014-06-28,3.305331281
2014-06-29,3.514423079
2014-06-30,3.666482625
2014-07-01,3.812200445
2014-07-02,3.94951568
2014-07-03,4.287588777
2014-07-04,4.675233133
2014-07-05,5.025527903
2014-07-06,5.287490415
2014-07-07,5.517593396
2014-07-08,5.645877665
2014-07-09,5.739952045
2014-07-10,5.812711143
2014-07-11,5.857604473
2014-07-12,5.88676159
2014-07-13,5.881546693
2014-07-14,5.887876094
2014-07-15,5.930446462
2014-07-16,5.964948808
2014-07-17,5.976872755
2014-07-18,5.959040503
2014-07-19,5.929594761
2014-07-20,5.922368687
2014-07-21,5.867658669
2014-07-22,5.822534671
2014-07-23,5.799569174
2014-07-24,5.766594944
2014-07-25,5.738684259
2014-07-26,5.711928617
2014-07-27,5.686646354
2014-07-28,5.691545478
2014-07-29,5.647147283
2014-07-30,5.584883136
2014-07-31,5.492851822
2014-08-01,5.402220878
2014-08-02,5.299649062
2014-08-03,5.167346103
2014-08-04,4.920183282
2014-08-05,4.80482474
2014-08-06,4.659946665
2014-08-07,4.568658612
2014-08-08,4.482411229
2014-08-09,4.347195076
2014-08-10,4.26163748
2014-08-11,4.327349518
2014-08-12,4.231616974
2014-08-13,4.148488315
2014-08-14,4.095435993
2014-08-15,4.028525648
2014-08-16,3.984876949
2014-08-17,3.956255831
2014-08-18,3.907838772
2014-08-19,3.889653391
2014-08-20,3.919701244
2014-08-21,3.920271598
2014-08-22,3.897857581
2014-08-23,3.865877372
2014-08-24,3.802105151
2014-08-25,3.771040051
2014-08-26,3.747896625
2014-08-27,3.707266262
2014-08-28,3.652372026
2014-08-29,3.663212097
2014-08-30,3.70056357
2014-08-31,3.715093774
2014-09-01,3.700475422
2014-09-02,3.705461551
2014-09-03,3.669152208
2014-09-04,3.64107499
2014-09-05,3.602133573
2014-09-06,3.545332637
2014-09-07,3.514423079
2014-09-08,3.488852737
2014-09-09,3.448621093
2014-09-10,3.444864506
2014-09-11,3.437100235
2014-09-12,3.421889308
2014-09-13,3.401672918
2014-09-14,3.396640043
2014-09-15,3.378188614
2014-09-16,3.382336779
2014-09-17,3.384978188
2014-09-18,3.3401905
2014-09-19,3.288464499
2014-09-20,3.299848324
2014-09-21,3.26310865
2014-09-22,3.268468017
2014-09-23,3.247627916
2014-09-24,3.246215473
2014-09-25,3.25725454
2014-09-26,3.294932046
2014-09-27,3.259135307
2014-09-28,3.26310865
2014-09-29,3.261179494
2014-09-30,3.270163186
2014-10-01,3.247453882
2014-10-02,3.282834572
2014-10-03,3.295088693
2014-10-04,3.285151853
2014-10-05,3.26310865
2014-10-06,3.278046718
2014-10-07,3.224000669
2014-10-08,3.204365834
2014-10-09,3.131525384
2014-10-10,3.079493082
2014-10-11,3.10732328
2014-10-12,3.10895797
2014-10-13,3.133896919
2014-10-14,3.158229019
2014-10-15,3.138810934
2014-10-16,3.223368322
2014-10-17,3.250036569
2014-10-18,3.288751081
2014-10-19,3.26310865
2014-10-20,3.198410333
2014-10-21,3.227496971
2014-10-22,3.327260412
2014-10-23,3.32287716
2014-10-24,3.356774044
2014-10-25,3.381389078
2014-10-26,3.396640043
2014-10-27,3.423075788
2014-10-28,3.462887136
2014-10-29,3.392446714
2014-10-30,3.383572197
2014-10-31,3.407630923
2014-11-01,3.398515965
2014-11-02,3.396640043
2014-11-03,3.375031438
2014-11-04,3.370622491
2014-11-05,3.378119202
2014-11-06,3.397087513
2014-11-07,3.399130545
2014-11-08,3.37971371
2014-11-09,3.396640043
2014-11-10,3.417707459
2014-11-11,3.385750956
2014-11-12,3.478789844
2014-11-13,3.557527207
2014-11-14,3.578386866
2014-11-15,3.613085227
2014-11-16,3.619783594
2014-11-17,3.636924828
2014-11-18,3.678895502
2014-11-19,3.611803126
2014-11-20,3.469042877
2014-11-21,3.304402439
2014-11-22,3.147312897
2014-11-23,3.10895797
2014-11-24,3.053987654
2014-11-25,2.988493986
2014-11-26,3.015456429
2014-11-27,3.158042915
2014-11-28,3.283872947
2014-11-29,3.388242099
2014-11-30,3.396640043
2014-12-01,3.418127078
2014-12-02,3.44481389
2014-12-03,3.478130996
2014-12-04,3.482502502
2014-12-05,3.477050801
2014-12-06,3.488085061
2014-12-07,3.514423079
2014-12-08,3.511065603
2014-12-09,3.48341108
2014-12-10,3.419549134
2014-12-11,3.379008559
2014-12-12,3.379948876
2014-12-13,3.324634269
2014-12-14,3.26310865
2014-12-15,3.188902795
2014-12-16,3.073411701
2014-12-17,2.963594481
2014-12-18,2.78670002
2014-12-19,2.615972391
2014-12-20,2.340269215
2014-12-21,2.41581079
2014-12-22,2.471404788
2014-12-23,2.475687074
2014-12-24,2.501247744
2014-12-25,2.679306161
2014-12-26,2.746459589
2014-12-27,2.90030416
2014-12-28,2.926636414
2014-12-29,2.968184827
2014-12-30,3.032009095
2014-12-31,3.084124122
2015-01-01,3.066445371
2015-01-02,3.080711781
2015-01-03,3.096678004
2015-01-04,3.10895797
2015-01-05,3.135929127
2015-01-06,3.208848479
2015-01-07,3.253257176
2015-01-08,3.24811528
2015-01-09,3.233876001
2015-01-10,3.277913875
2015-01-11,3.26310865
2015-01-12,3.252149314
2015-01-13,3.172624835
2015-01-14,3.145592697
2015-01-15,3.160790023
2015-01-16,3.18537083
2015-01-17,3.137804847
2015-01-18,3.10895797
2015-01-19,3.093704722
2015-01-20,3.125386775
2015-01-21,3.142567605
2015-01-22,3.173951744
2015-01-23,3.191077939
2015-01-24,3.235636218
2015-01-25,3.26310865
2015-01-26,3.294020352
2015-01-27,3.296892404
2015-01-28,3.278766335
2015-01-29,3.271433967
2015-01-30,3.279361222
2015-01-31,3.267006748
2015-02-01,3.26310865
2015-02-02,3.291097523
2015-02-03,3.287369409
2015-02-04,3.309084988
2015-02-05,3.296424586
2015-02-06,3.300470309
2015-02-07,3.285546795
2015-02-08,3.26310865
2015-02-09,3.18007897
2015-02-10,3.155186678
2015-02-11,3.123942661
2015-02-12,3.130643282
2015-02-13,3.066479895
2015-02-14,3.090009254
2015-02-15,3.10895797
2015-02-16,3.16573397
2015-02-17,3.137630361
2015-02-18,3.168380473
2015-02-19,3.190780604
2015-02-20,3.238792266
2015-02-21,3.260255075
2015-02-22,3.26310865
2015-02-23,3.235646531
2015-02-24,3.370185323
2015-02-25,3.467685519
2015-02-26,3.482096421
2015-02-27,3.49695004
2015-02-28,3.489544215
2015-03-01,3.514423079
2015-03-02,3.520589579
2015-03-03,3.478357988
2015-03-04,3.367163967
2015-03-05,3.313511279
2015-03-06,3.324446225
2015-03-07,3.306447688
2015-03-08,3.26310865
2015-03-09,3.27161398
2015-03-10,3.310835289
2015-03-11,3.358675031
2015-03-12,3.465257099
2015-03-13,3.509086193
2015-03-14,3.597816468
2015-03-15,3.619783594
2015-03-16,3.635421946
2015-03-17,3.642669014
2015-03-18,3.667993936
2015-03-19,3.616338922
2015-03-20,3.586535096
2015-03-21,3.53205813
2015-03-22,3.514423079
2015-03-23,3.502936915
2015-03-24,3.417016942
2015-03-25,3.352599476
2015-03-26,3.322778913
2015-03-27,3.27497613
2015-03-28,3.215731757
2015-03-29,3.26310865
2015-03-30,3.207820145
2015-03-31,3.22893447
2015-04-01,3.231470448
2015-04-02,3.257187002
2015-04-03,3.290528989
2015-04-04,3.296336666
2015-04-05,3.26310865
2015-04-06,3.30261181
2015-04-07,3.361156815
2015-04-08,3.411859819
2015-04-09,3.416442563
2015-04-10,3.408729539
2015-04-11,3.432002789
2015-04-12,3.396640043
2015-04-13,3.352684326
2015-04-14,3.337904604
2015-04-15,3.271760738
2015-04-16,3.310421741
2015-04-17,3.339469221
2015-04-18,3.348764376
2015-04-19,3.396640043
2015-04-20,3.460040853
2015-04-21,3.497210049
2015-04-22,3.552994023
2015-04-23,3.565416732
2015-04-24,3.568907496
2015-04-25,3.59367245
2015-04-26,3.514423079
2015-04-27,3.469749627
2015-04-28,3.461222815
2015-04-29,3.446974448
2015-04-30,3.407816565
2015-05-01,3.404826329
2015-05-02,3.442418157
2015-05-03,3.514423079
2015-05-04,3.52474386
2015-05-05,3.482219036
2015-05-06,3.487569838
2015-05-07,3.52222129
2015-05-08,3.522792996
2015-05-09,3.498214784
2015-05-10,3.514423079
2015-05-11,3.537497659
2015-05-12,3.548738129
2015-05-13,3.532135743
2015-05-14,3.505068648
2015-05-15,3.489390212
2015-05-16,3.446799488
2015-05-17,3.396640043
2015-05-18,3.353219381
2015-05-19,3.292278588
2015-05-20,3.297515817
2015-05-21,3.268521442
2015-05-22,3.262286443
2015-05-23,3.234470666
2015-05-24,3.26310865
2015-05-25,3.323052047
2015-05-26,3.37284121
2015-05-27,3.341769797
2015-05-28,3.337285678
2015-05-29,3.278684916
2015-05-30,3.257652408
2015-05-31,3.26310865
2015-06-01,3.246229696
2015-06-02,3.198371835
2015-06-03,3.18878005
2015-06-04,3.126037971
2015-06-05,3.08178971
2015-06-06,3.038922494
2015-06-07,2.926636414
2015-06-08,2.813213593
2015-06-09,2.708029829
2015-06-10,2.527398828
2015-06-11,2.398470144
2015-06-12,2.334366414
2015-06-13,2.257721546
2015-06-14,2.41581079
2015-06-15,2.284971189
2015-06-16,2.463008949
2015-06-17,2.468745946
2015-06-18,2.519786183
2015-06-19,2.530323543
2015-06-20,2.552285959
2015-06-21,2.41581079
2015-06-22,2.41581079
2015-06-23,2.293409594
2015-06-24,2.28610821
2015-06-25,2.27157592
2015-06-26,2.242400431
2015-06-27,2.242041515
2015-06-28,2.41581079
2015-06-29,2.539424746
2015-06-30,2.322291063
2015-07-01,2.282141005
2015-07-02,2.297250491
2015-07-03,2.413345694
2015-07-04,2.384030843
2015-07-05,2.41581079
2015-07-06,2.42454447
2015-07-07,2.558619193
2015-07-08,2.592267227
2015-07-09,2.56996147
2015-07-10,2.481582103
2015-07-11,2.477466871
2015-07-12,2.41581079
2015-07-13,2.449873147
2015-07-14,2.466895729
2015-07-15,2.495246026
2015-07-16,2.463765183
2015-07-17,2.456211643
2015-07-18,2.535541246
2015-07-19,2.41581079
2015-07-20,2.385820076
2015-07-21,2.423733865
2015-07-22,2.412395875
2015-07-23,2.432340092
2015-07-24,2.439764031
2015-07-25,2.519351469
2015-07-26,2.703492862
2015-07-27,2.741749903
2015-07-28,2.767171503
2015-07-29,2.759563378
2015-07-30,2.75167623
2015-07-31,2.691932377
2015-08-01,2.536878224
2015-08-02,2.41581079
2015-08-03,2.352389267
2015-08-04,2.249613316
2015-08-05,2.276563365
2015-08-06,2.255073711
2015-08-07,2.33143173
2015-08-08,2.349180911
2015-08-09,2.41581079
2015-08-10,2.26962828
2015-08-11,2.223757826
2015-08-12,2.264743072
2015-08-13,2.322309499
2015-08-14,2.381981831
2015-08-15,2.43870461
2015-08-16,2.41581079
2015-08-17,2.567616803
2015-08-18,2.575737925
2015-08-19,2.535222256
2015-08-20,2.565093236
2015-08-21,2.51885629
2015-08-22,2.453570291
2015-08-23,2.41581079
2015-08-24,2.41158969
2015-08-25,2.449063224
2015-08-26,2.42453853
2015-08-27,2.29469228
2015-08-28,2.375624219
2015-08-29,2.409987859
2015-08-30,2.41581079
2015-08-31,2.452640605
2015-09-01,2.476203339
2015-09-02,2.638000566
2015-09-03,2.755904244
2015-09-04,2.806984028
2015-09-05,2.893932879
2015-09-06,2.926636414
2015-09-07,2.90154838
2015-09-08,2.947185786
2015-09-09,2.927570266
2015-09-10,2.931675773
2015-09-11,2.911961281
2015-09-12,2.927743106
2015-09-13,2.926636414
2015-09-14,2.915589009
2015-09-15,2.892043797
2015-09-16,2.875932705
2015-09-17,2.856972284
2015-09-18,2.790675576
2015-09-19,2.710748124
2015-09-20,2.703492862
2015-09-21,2.816135438
2015-09-22,2.863946374
2015-09-23,2.872213136
2015-09-24,2.937717492
2015-09-25,3.045873953
2015-09-26,3.101540333
2015-09-27,3.10895797
2015-09-28,3.086798047
2015-09-29,3.078629804
2015-09-30,3.114240603
2015-10-01,3.133420893
2015-10-02,3.144693605
2015-10-03,3.183171029
2015-10-04,3.26310865
2015-10-05,3.267547406
2015-10-06,3.322051186
2015-10-07,3.429801189
2015-10-08,3.549285832
2015-10-09,3.660795044
2015-10-10,3.790617638
2015-10-11,3.882147859
2015-10-12,3.974218413
2015-10-13,4.064293086
2015-10-14,4.073768015
2015-10-15,4.084272355
2015-10-16,4.044018128
2015-10-17,3.958690196
2015-10-18,3.882147859
2015-10-19,3.810588444
2015-10-20,3.714517206
2015-10-21,3.645405383
2015-10-22,3.578857409
2015-10-23,3.56166888
2015-10-24,3.559468801
2015-10-25,3.514423079
2015-10-26,3.461038837
2015-10-27,3.413480796
2015-10-28,3.35571843
2015-10-29,3.366726111
2015-10-30,3.402318129
2015-10-31,3.392371133
2015-11-01,3.396640043
2015-11-02,3.407826613
2015-11-03,3.45817785
2015-11-04,3.487856469
2015-11-05,3.422483771
2015-11-06,3.357607598
2015-11-07,3.336369996
2015-11-08,3.396640043
2015-11-09,3.454920607
2015-11-10,3.446686571
2015-11-11,3.510571675
2015-11-12,3.505410194
2015-11-13,3.520589106
2015-11-14,3.559244124
2015-11-15,3.514423079
2015-11-16,3.472484641
2015-11-17,3.426082901
2015-11-18,3.369111562
2015-11-19,3.309177215
2015-11-20,3.207711114
2015-11-21,3.080045515
2015-11-22,3.10895797
2015-11-23,3.103031076
2015-11-24,3.097335435
2015-11-25,3.062561619
2015-11-26,3.154655144
2015-11-27,3.235145152
2015-11-28,3.319000418
2015-11-29,3.26310865
2015-11-30,3.280312189
2015-12-01,3.302664029
2015-12-02,3.338256684
2015-12-03,3.320689986
2015-12-04,3.365345269
2015-12-05,3.363390475
2015-12-06,3.396640043
2015-12-07,3.359000496
2015-12-08,3.397474819
2015-12-09,3.353515838
2015-12-10,3.351535962
2015-12-11,3.331920178
2015-12-12,3.31816058
2015-12-13,3.26310865
2015-12-14,3.252999368
2015-12-15,3.139452749
2015-12-16,3.056178709
2015-12-17,2.926961888
2015-12-18,2.771244984
2015-12-19,2.626507144
2015-12-20,2.703492862
2015-12-21,2.718481407
2015-12-22,2.649445428
2015-12-23,2.675641059
2015-12-24,2.654350744
2015-12-25,2.471771769
2015-12-26,2.427030945
2015-12-27,2.41581079
2015-12-28,2.380122504
2015-12-29,2.398461047
2015-12-30,2.495222964
2015-12-31,2.669755018
2016-01-01,2.917445555
2016-01-02,2.954594375
2016-01-03,2.926636414
2016-01-04,2.915907123
2016-01-05,2.9000632
2016-01-06,2.881685809
2016-01-07,2.867081139
2016-01-08,2.766911643
2016-01-09,2.754312418
2016-01-10,2.703492862
2016-01-11,2.682695765
2016-01-12,2.700233158
2016-01-13,2.675137981
2016-01-14,2.663765166
2016-01-15,2.68562542
2016-01-16,2.697311214
2016-01-17,2.703492862
2016-01-18,2.726090655
2016-01-19,2.840902722
2016-01-20,2.937717543
2016-01-21,2.96277715
2016-01-22,3.008170973
2016-01-23,3.091599961
2016-01-24,3.10895797
2016-01-25,3.150015533
2016-01-26,3.161399773
2016-01-27,3.125697154
2016-01-28,3.123575326
2016-01-29,3.142098812
2016-01-30,3.106757514
2016-01-31,3.10895797
2016-02-01,3.06603502
2016-02-02,3.004379621
2016-02-03,3.064176828
2016-02-04,3.082641935
2016-02-05,3.110186626
2016-02-06,3.094930708
2016-02-07,3.10895797
2016-02-08,3.109370274
2016-02-09,3.106643859
2016-02-10,3.040894749
2016-02-11,2.994388712
2016-02-12,2.901574254
2016-02-13,2.920075285
2016-02-14,2.926636414
2016-02-15,2.967489551
2016-02-16,3.040457389
2016-02-17,3.067268953
2016-02-18,3.076373475
2016-02-19,3.10144809
2016-02-20,3.240549882
2016-02-21,3.26310865
2016-02-22,3.297952024
2016-02-23,3.280922887
2016-02-24,3.297636367
2016-02-25,3.324117666
2016-02-26,3.36640822
2016-02-27,3.300158835
2016-02-28,3.26310865
2016-02-29,3.204784013
2016-03-01,3.206423626
2016-03-02,3.208224102
2016-03-03,3.230220783
2016-03-04,3.202484028
2016-03-05,3.249392724
2016-03-06,3.26310865
2016-03-07,3.284500406
2016-03-08,3.28524348
2016-03-09,3.25102599
2016-03-10,3.240323558
2016-03-11,3.245223915
2016-03-12,3.13332567
2016-03-13,3.10895797
2016-03-14,3.098828592
2016-03-15,3.145699131
2016-03-16,3.295832558
2016-03-17,3.310322766
2016-03-18,3.314704721
2016-03-19,3.336580828
2016-03-20,3.396640043
2016-03-21,3.410574384
2016-03-22,3.36409018
2016-03-23,3.22672637
2016-03-24,3.187203483
2016-03-25,3.169648791
2016-03-26,3.170357536
2016-03-27,3.10895797
2016-03-28,3.09054439
2016-03-29,3.095599995
2016-03-30,3.103548497
2016-03-31,3.10260248
2016-04-01,3.107477775
2016-04-02,3.103625859
2016-04-03,3.10895797
2016-04-04,3.091113104
2016-04-05,3.128992037
2016-04-06,3.184925967
2016-04-07,3.235330271
2016-04-08,3.295785523
2016-04-09,3.376636585
2016-04-10,3.396640043
2016-04-11,3.411159095
2016-04-12,3.441683024
2016-04-13,3.432449126
2016-04-14,3.418549656
2016-04-15,3.379700392
2016-04-16,3.28241186
2016-04-17,3.26310865
2016-04-18,3.285273205
2016-04-19,3.281306382
2016-04-20,3.286768583
2016-04-21,3.300194742
2016-04-22,3.34024544
2016-04-23,3.393213226
2016-04-24,3.396640043
2016-04-25,3.375358222
2016-04-26,3.377282933
2016-04-27,3.369953359
2016-04-28,3.384244358
2016-04-29,3.401733288
2016-04-30,3.411407771
2016-05-01,3.396640043
2016-05-02,3.41855668
2016-05-03,3.405522102
2016-05-04,3.417665347
2016-05-05,3.413995496
2016-05-06,3.386640776
2016-05-07,3.365651437
2016-05-08,3.396640043
2016-05-09,3.398272303
2016-05-10,3.377251149
2016-05-11,3.387689602
2016-05-12,3.382506589
2016-05-13,3.406559311
2016-05-14,3.404888984
2016-05-15,3.396640043
2016-05-16,3.389476645
2016-05-17,3.377016348
2016-05-18,3.377617791
2016-05-19,3.373939785
2016-05-20,3.294574841
2016-05-21,3.287613918
2016-05-22,3.26310865
2016-05-23,3.192413663
2016-05-24,3.129527501
2016-05-25,3.079136617
2016-05-26,3.008531637
2016-05-27,3.005906384
2016-05-28,2.951698343
2016-05-29,2.926636414
2016-05-30,2.906723669
2016-05-31,2.827856261
2016-06-01,2.626281374
2016-06-02,2.441199507
2016-06-03,2.206075816
2016-06-04,1.938288171
2016-06-05,1.792687018
2016-06-06,1.92917589
2016-06-07,2.115717025
2016-06-08,2.213516081
2016-06-09,2.304880859
2016-06-10,2.373216902
2016-06-11,2.49934124
2016-06-12,2.581144378
2016-06-13,2.545468239
2016-06-14,2.428098768
2016-06-15,2.417854638
2016-06-16,2.354312051
2016-06-17,2.281913304
2016-06-18,2.280893147
2016-06-19,2.262690647
2016-06-20,2.270369165
2016-06-21,2.320266886
2016-06-22,2.268827838
2016-06-23,2.317683722
2016-06-24,2.35710662
2016-06-25,2.279552963
2016-06-26,2.380473683
2016-06-27,2.419903744
2016-06-28,2.556573999
2016-06-29,2.558457132
2016-06-30,2.564355788
2016-07-01,2.530437141
2016-07-02,2.487108979
2016-07-03,2.380473683
2016-07-04,2.204017245
2016-07-05,2.002063744
2016-07-06,2.079872147
2016-07-07,2.013347361
2016-07-08,2.148391698
2016-07-09,2.256860889
2016-07-10,2.262690647
2016-07-11,2.397865425
2016-07-12,2.382999335
2016-07-13,2.324402453
2016-07-14,2.333554692
2016-07-15,2.237846885
2016-07-16,2.259306549
2016-07-17,2.129159255
2016-07-18,2.128978062
2016-07-19,2.157823211
2016-07-20,2.20518714
2016-07-21,2.224560018
2016-07-22,2.232352372
2016-07-23,2.141135446
2016-07-24,2.262690647
2016-07-25,2.252379532
2016-07-26,2.20780733
2016-07-27,2.114597422
2016-07-28,2.102002448
2016-07-29,2.148092926
2016-07-30,2.092642856
2016-07-31,2.129159255
2016-08-01,1.962503814
2016-08-02,2.071049235
2016-08-03,2.26315726
2016-08-04,2.370582319
2016-08-05,2.380691055
2016-08-06,2.398417197
2016-08-07,2.380473683
2016-08-08,2.51535795
2016-08-09,2.462712527
2016-08-10,2.320590361
2016-08-11,2.265168685
2016-08-12,2.243427411
2016-08-13,2.261801145
2016-08-14,2.262690647
2016-08-15,2.297115376
2016-08-16,2.263797337
2016-08-17,2.339748874
2016-08-18,2.331485297
2016-08-19,2.284654385
2016-08-20,2.262993972
2016-08-21,2.262690647
2016-08-22,2.23260637
2016-08-23,2.25855242
2016-08-24,2.294775752
2016-08-25,2.283257377
2016-08-26,2.416186415
2016-08-27,2.486674182
2016-08-28,2.380473683
2016-08-29,2.314389812
2016-08-30,2.303911822
2016-08-31,2.22360028
2016-09-01,2.245626928
2016-09-02,2.226303172
2016-09-03,2.197496173
2016-09-04,2.380473683
2016-09-05,2.435031508
2016-09-06,2.518620716
2016-09-07,2.623071574
2016-09-08,2.651977954
2016-09-09,2.583303001
2016-09-10,2.632251599
2016-09-11,2.581144378
2016-09-12,2.621359423
2016-09-13,2.589945388
2016-09-14,2.579623667
2016-09-15,2.591090784
2016-09-16,2.685732926
2016-09-17,2.699837265
2016-09-18,2.748198463
2016-09-19,2.757424555
2016-09-20,2.807211769
2016-09-21,2.819030727
2016-09-22,2.890843776
2016-09-23,2.889611837
2016-09-24,2.902361921
2016-09-25,2.891299307
2016-09-26,2.871746014
2016-09-27,2.847293049
2016-09-28,2.799766881
2016-09-29,2.680309287
2016-09-30,2.717595334
2016-10-01,2.691103212
2016-10-02,2.668155755
2016-10-03,2.65871475
2016-10-04,2.676845652
2016-10-05,2.727563192
2016-10-06,2.759932175
2016-10-07,2.790751306
2016-10-08,2.737893003
2016-10-09,2.748198463
2016-10-10,2.758111304
2016-10-11,2.74534808
2016-10-12,2.765748222
2016-10-13,2.78040689
2016-10-14,2.714013229
2016-10-15,2.774803143
2016-10-16,2.748198463
2016-10-17,2.718862923
2016-10-18,2.782485399
2016-10-19,2.765339315
2016-10-20,2.764254351
2016-10-21,2.788897204
2016-10-22,2.806239831
2016-10-23,2.748198463
2016-10-24,2.728876751
2016-10-25,2.677875328
2016-10-26,2.667531206
2016-10-27,2.662812627
2016-10-28,2.625967468
2016-10-29,2.661512406
2016-10-30,2.748198463
2016-10-31,2.822234282
2016-11-01,2.806086128
2016-11-02,2.812955492
2016-11-03,2.799685989
2016-11-04,2.865307871
2016-11-05,2.858442141
2016-11-06,2.891299307
2016-11-07,2.90933219
2016-11-08,2.975421382
2016-11-09,2.990116724
2016-11-10,3.049444757
2016-11-11,3.057795822
2016-11-12,3.041716317
2016-11-13,3.01646245
2016-11-14,2.969928902
2016-11-15,2.94503085
2016-11-16,2.953601028
2016-11-17,2.854093953
2016-11-18,2.724356473
2016-11-19,2.708861801
2016-11-20,2.748198463
2016-11-21,2.796439911
2016-11-22,2.818018442
2016-11-23,2.873230441
2016-11-24,2.965572896
2016-11-25,3.050104424
2016-11-26,3.09717383
2016-11-27,3.073620863
2016-11-28,3.067158805
2016-11-29,3.086421038
2016-11-30,3.06228471
2016-12-01,3.039219437
2016-12-02,3.000998224
2016-12-03,2.976457115
2016-12-04,3.01646245
2016-12-05,2.992302517
2016-12-06,3.077638547
2016-12-07,3.087215635
2016-12-08,3.095127069
2016-12-09,3.102194236
2016-12-10,3.09591478
2016-12-11,3.073620863
2016-12-12,3.087371204
2016-12-13,2.932368693
2016-12-14,2.828434766
2016-12-15,2.75318549
2016-12-16,2.711502574
2016-12-17,2.902797272
2016-12-18,3.274291559
2016-12-19,3.456883585
2016-12-20,3.656093337
2016-12-21,3.89935953
2016-12-22,4.399759077
2016-12-23,4.705032455
2016-12-24,4.771494692
2016-12-25,4.757960084
2016-12-26,4.735254581
2016-12-27,4.688295346
2016-12-28,4.611684254
2016-12-29,4.266052403
2016-12-30,3.782743269
2016-12-31,3.526137061
2017-01-01,3.318743321
2017-01-02,3.289299615
2017-01-03,3.269922752
2017-01-04,3.250814037
2017-01-05,3.193658358
2017-01-06,3.172315857
2017-01-07,3.163426461
2017-01-08,3.178981379
2017-01-09,3.220759477
2017-01-10,3.235764874
2017-01-11,3.213380642
2017-01-12,3.253129868
2017-01-13,3.303307787
2017-01-14,3.31713244
2017-01-15,3.318743321
2017-01-16,3.200585403
2017-01-17,3.190283804
2017-01-18,3.228865635
2017-01-19,3.215041094
2017-01-20,3.174822039
2017-01-21,3.328523756
2017-01-22,3.40212493
2017-01-23,3.42800508
2017-01-24,3.428886141
2017-01-25,3.413724066
2017-01-26,3.450338344
2017-01-27,3.456765536
2017-01-28,3.389134942
2017-01-29,3.318743321
2017-01-30,3.331472872
2017-01-31,3.330291943
2017-02-01,3.339261652
2017-02-02,3.28468111
2017-02-03,3.236679513
2017-02-04,3.130308953
2017-02-05,3.127688085
2017-02-06,3.148099658
2017-02-07,3.162097124
2017-02-08,3.146955593
2017-02-09,3.470783055
2017-02-10,3.756834351
2017-02-11,3.830680389
2017-02-12,3.846810752
2017-02-13,3.850632243
2017-02-14,3.848752186
2017-02-15,3.857606327
2017-02-16,3.668958084
2017-02-17,3.401180123
2017-02-18,3.295426845
2017-02-19,3.274291559
2017-02-20,3.258848378
2017-02-21,3.2583096
2017-02-22,3.258366931
2017-02-23,3.268247329
2017-02-24,3.273105969
2017-02-25,3.301354987
2017-02-26,3.318743321
2017-02-27,3.280182546
2017-02-28,3.289778456
2017-03-01,3.304055673
2017-03-02,3.318126863
2017-03-03,3.354990844
2017-03-04,3.336488059
2017-03-05,3.274291559
2017-03-06,3.268396474
2017-03-07,3.253476328
2017-03-08,3.177615504
2017-03-09,3.089616137
2017-03-10,3.039060865
2017-03-11,2.997546129
2017-03-12,3.01646245
2017-03-13,3.082580431
2017-03-14,3.079697252
2017-03-15,3.1385625
2017-03-16,3.172147373
2017-03-17,3.171857604
2017-03-18,3.177058985
2017-03-19,3.178981379
2017-03-20,3.151662546
2017-03-21,3.152513865
2017-03-22,3.164823929
2017-03-23,3.160018178
2017-03-24,3.138133806
2017-03-25,3.156037543
2017-03-26,3.127688085
2017-03-27,3.099421218
2017-03-28,3.132281228
2017-03-29,3.08394303
2017-03-30,3.106181879
2017-03-31,3.127439205
2017-04-01,3.154451283
2017-04-02,3.178981379
2017-04-03,3.179690347
2017-04-04,3.157475174
2017-04-05,3.149472221
2017-04-06,3.113402127
2017-04-07,3.064119604
2017-04-08,2.99111255
2017-04-09,2.955837828
2017-04-10,2.970111281
2017-04-11,2.949166689
2017-04-12,2.977591355
2017-04-13,2.98474189
2017-04-14,3.051675387
2017-04-15,3.120408266
2017-04-16,3.178981379
2017-04-17,3.172687742
2017-04-18,3.159892782
2017-04-19,3.154260834
2017-04-20,3.175336471
2017-04-21,3.235778977
2017-04-22,3.275792273
2017-04-23,3.274291559
2017-04-24,3.257862495
2017-04-25,3.335702168
2017-04-26,3.402281894
2017-04-27,3.540629009
2017-04-28,3.585847487
2017-04-29,3.574042627
2017-04-30,3.584446487
2017-05-01,3.583728492
2017-05-02,3.571767328
2017-05-03,3.554410629
2017-05-04,3.459211273
2017-05-05,3.385325572
2017-05-06,3.377186974
2017-05-07,3.318743321
2017-05-08,3.324734646
2017-05-09,3.310441306
2017-05-10,3.302142271
2017-05-11,3.257673946
2017-05-12,3.220990649
2017-05-13,3.188377415
2017-05-14,3.227771543
2017-05-15,3.301201164
2017-05-16,3.472874097
2017-05-17,3.570633062
2017-05-18,3.645379102
2017-05-19,3.642059426
2017-05-20,3.638943357
2017-05-21,3.61723631
2017-05-22,3.554267051
2017-05-23,3.355576526
2017-05-24,3.208256043
2017-05-25,3.089428856
2017-05-26,3.038571735
2017-05-27,3.018833106
2017-05-28,3.01646245
2017-05-29,3.087234711
2017-05-30,3.120835358
2017-05-31,3.083878601
2017-06-01,3.032371338
2017-06-02,3.021130266
2017-06-03,3.018185671
2017-06-04,3.01646245
2017-06-05,2.947595183
2017-06-06,2.859145269
2017-06-07,2.783584662
2017-06-08,2.725276845
2017-06-09,2.663807495
2017-06-10,2.598310752
2017-06-11,2.581144378
2017-06-12,2.556399836
2017-06-13,2.4933459
2017-06-14,2.474344221
2017-06-15,2.404470487
2017-06-16,2.320578675
2017-06-17,2.23918735
2017-06-18,2.262690647
2017-06-19,2.269351582
2017-06-20,2.259703517
2017-06-21,2.192857607
2017-06-22,2.243649116
2017-06-23,2.192618693
2017-06-24,2.166855577
2017-06-25,2.129159255
2017-06-26,2.081179573
2017-06-27,2.063346649
2017-06-28,2.049491852
2017-06-29,2.019987682
2017-06-30,2.098421379
2017-07-01,2.149844728
2017-07-02,2.129159255
2017-07-03,2.175952233
2017-07-04,2.210949436
2017-07-05,2.257924553
2017-07-06,2.30806682
2017-07-07,2.23965457
2017-07-08,2.218824526
2017-07-09,2.262690647
2017-07-10,2.292564035
2017-07-11,2.257585043
2017-07-12,2.240454506
2017-07-13,2.233209388
2017-07-14,2.299393057
2017-07-15,2.336409986
2017-07-16,2.380473683
2017-07-17,2.337417508
2017-07-18,2.362698465
2017-07-19,2.375087811
2017-07-20,2.44197179
2017-07-21,2.535557891
2017-07-22,2.619053042
2017-07-23,2.485834198
2017-07-24,2.463357471
2017-07-25,2.484553168
2017-07-26,2.45756332
2017-07-27,2.342406603
2017-07-28,2.199149511
2017-07-29,1.987412966
2017-07-30,2.129159255
2017-07-31,2.169049412
2017-08-01,2.113034563
2017-08-02,2.087739075
2017-08-03,2.077243801
2017-08-04,2.098035176
2017-08-05,2.149988295
2017-08-06,2.129159255
2017-08-07,2.058707594
2017-08-08,1.877115698
2017-08-09,1.907743235
2017-08-10,1.897075633
2017-08-11,1.925356928
2017-08-12,1.938256769
2017-08-13,1.975008575
2017-08-14,2.033993462
2017-08-15,2.132714728
2017-08-16,2.209597607
2017-08-17,2.218440867
2017-08-18,2.173141134
2017-08-19,2.148372794
2017-08-20,2.129159255
2017-08-21,2.038951304
2017-08-22,2.091893546
2017-08-23,2.018502254
2017-08-24,2.174669473
2017-08-25,2.173034895
2017-08-26,2.210106768
2017-08-27,2.262690647
2017-08-28,2.278027342
2017-08-29,2.145525896
2017-08-30,2.17472519
2017-08-31,2.059509166
2017-09-01,2.205839192
2017-09-02,2.144964129
2017-09-03,2.129159255
2017-09-04,2.146844876
2017-09-05,2.286589363
2017-09-06,2.293332504
2017-09-07,2.350882229
2017-09-08,2.280193222
2017-09-09,2.298341736
2017-09-10,2.262690647
2017-09-11,2.314342997
2017-09-12,2.368378338
2017-09-13,2.370389325
2017-09-14,2.451447797
2017-09-15,2.549867126
2017-09-16,2.576098787
2017-09-17,2.581144378
2017-09-18,2.618763489
2017-09-19,2.682083833
2017-09-20,2.748291743
2017-09-21,2.717192452
2017-09-22,2.720276533
2017-09-23,2.750809116
2017-09-24,2.748198463
2017-09-25,2.703814922
2017-09-26,2.644121139
2017-09-27,2.614751747
2017-09-28,2.632405859
2017-09-29,2.63073453
2017-09-30,2.586477348
2017-10-01,2.581144378
2017-10-02,2.61540736
2017-10-03,2.631760154
2017-10-04,2.623309344
2017-10-05,2.600108671
2017-10-06,2.610037802
2017-10-07,2.707795892
2017-10-08,2.748198463
2017-10-09,2.744375122
2017-10-10,2.713852458
2017-10-11,2.761391906
2017-10-12,2.825603408
2017-10-13,2.824502418
2017-10-14,2.801441747
2017-10-15,2.822306435
2017-10-16,3.043887237
2017-10-17,3.370997851
2017-10-18,3.301895103
2017-10-19,3.199918202
2017-10-20,3.118478514
2017-10-21,3.034415402
2017-10-22,2.955837828
2017-10-23,2.733505757
2017-10-24,2.092404466
2017-10-25,2.351696898
2017-10-26,2.557411564
2017-10-27,2.744516658
2017-10-28,2.832850826
2017-10-29,2.891299307
2017-10-30,2.864197377
2017-10-31,2.886385292
2017-11-01,2.821159865
2017-11-02,2.826879614
2017-11-03,2.811553643
2017-11-04,2.85545968
2017-11-05,2.891299307
2017-11-06,2.966780622
2017-11-07,3.014359399
2017-11-08,3.080093378
2017-11-09,3.13811429
2017-11-10,3.161146511
2017-11-11,3.184826457
2017-11-12,3.178981379
2017-11-13,3.113027209
2017-11-14,3.060163974
2017-11-15,3.023074772
2017-11-16,2.924978054
2017-11-17,2.816441316
2017-11-18,2.694809346
2017-11-19,2.668155755
2017-11-20,2.692794879
2017-11-21,2.740578411
2017-11-22,2.85330591
2017-11-23,2.934854405
2017-11-24,3.02896141
2017-11-25,3.115144366
2017-11-26,3.178981379
2017-11-27,3.221166081
2017-11-28,3.259897831
2017-11-29,3.348436425
2017-11-30,3.998919721
2017-12-01,4.468010525
2017-12-02,4.653154796
2017-12-03,4.788419291
2017-12-04,4.881955689
2017-12-05,4.933786368
2017-12-06,4.944744791
2017-12-07,4.770148785
2017-12-08,4.470665952
2017-12-09,4.274061735
2017-12-10,4.054450116
2017-12-11,3.869802463
2017-12-12,3.77110944
2017-12-13,3.697159754
2017-12-14,3.626717345
2017-12-15,3.701392783
2017-12-16,3.734676845
2017-12-17,3.738597167
2017-12-18,3.678337133
2017-12-19,3.611023678
2017-12-20,3.602042906
2017-12-21,3.553394939
2017-12-22,3.404049807
2017-12-23,3.247128121
2017-12-24,3.178981379
2017-12-25,3.17089977
2017-12-26,3.083873737
2017-12-27,3.029360226
2017-12-28,3.095124548
2017-12-29,3.037283929
2017-12-30,3.082524487
2017-12-31,3.073620863
2018-01-01,3.067650696
2018-01-02,3.095211496
2018-01-03,3.068648203
2018-01-04,3.021700806
2018-01-05,3.014359399
2018-01-06,3.022745193
2018-01-07,3.01646245
2018-01-08,3.017915821
2018-01-09,2.983106856
2018-01-10,2.985359955
2018-01-11,2.949896449
2018-01-12,3.008023581
2018-01-13,2.954291303
2018-01-14,2.955837828
2018-01-15,2.8519008
2018-01-16,2.918836871
2018-01-17,2.968576853
2018-01-18,3.01575833
2018-01-19,3.085890956
2018-01-20,3.164518317
2018-01-21,3.178981379
2018-01-22,3.2762961
2018-01-23,3.267580584
2018-01-24,3.239606001
2018-01-25,3.249988237
2018-01-26,3.213984676
2018-01-27,3.158410889
2018-01-28,3.127688085
2018-01-29,3.113255134
2018-01-30,3.098862508
2018-01-31,3.086863888
2018-02-01,3.05075138
2018-02-02,3.031110957
2018-02-03,3.05050765
2018-02-04,3.073620863
2018-02-05,3.094442142
2018-02-06,3.146462127
2018-02-07,3.180860517
2018-02-08,3.16278963
2018-02-09,3.133054063
2018-02-10,3.114078745
2018-02-11,3.073620863
2018-02-12,3.017492297
2018-02-13,2.939299728
2018-02-14,2.912897349
2018-02-15,2.952959903
2018-02-16,2.975697185
2018-02-17,2.905112339
2018-02-18,2.891299307
2018-02-19,2.880436834
2018-02-20,2.88590735
2018-02-21,2.874330897
2018-02-22,2.840234562
2018-02-23,2.787114653
2018-02-24,2.826386604
2018-02-25,2.822306435
2018-02-26,2.824642203
2018-02-27,2.814426345
2018-02-28,2.801941761
2018-03-01,2.780070148
2018-03-02,2.779188871
2018-03-03,2.782765643
2018-03-04,2.822306435
2018-03-05,2.809972978
2018-03-06,2.80696946
2018-03-07,2.806223601
2018-03-08,2.793819183
2018-03-09,2.770487408
2018-03-10,2.685499479
2018-03-11,2.668155755
2018-03-12,2.69996775
2018-03-13,2.690666649
2018-03-14,2.64777953
2018-03-15,2.684454928
2018-03-16,2.774551339
2018-03-17,2.84180023
2018-03-18,2.822306435
2018-03-19,2.829380986
2018-03-20,2.902265404
2018-03-21,2.940181958
2018-03-22,2.938658382
2018-03-23,2.888808533
2018-03-24,2.901385724
2018-03-25,3.01646245
2018-03-26,3.056738886
2018-03-27,3.1307912
2018-03-28,3.139244084
2018-03-29,3.123124563
2018-03-30,3.120725763
2018-03-31,3.114065518
2018-04-01,3.073620863
2018-04-02,3.078730988
2018-04-03,3.027086729
2018-04-04,3.012153296
2018-04-05,3.059058815
2018-04-06,3.094662079
2018-04-07,3.118165732
2018-04-08,3.127688085
2018-04-09,3.111807352
2018-04-10,3.043750156
2018-04-11,3.053157499
2018-04-12,3.071892354
2018-04-13,3.090292942
2018-04-14,3.115186645
2018-04-15,3.073620863
2018-04-16,3.053484486
2018-04-17,3.096106025
2018-04-18,3.134416836
2018-04-19,3.141055602
2018-04-20,3.123745786
2018-04-21,3.115364066
2018-04-22,3.127688085
2018-04-23,3.153879874
2018-04-24,3.201335121
2018-04-25,3.187456529
2018-04-26,3.205306744
2018-04-27,3.188489384
2018-04-28,3.201893069
2018-04-29,3.178981379
2018-04-30,3.166687828
2018-05-01,3.130266334
2018-05-02,3.111770266
2018-05-03,3.089113719
2018-05-04,3.150588269
2018-05-05,3.178428862
2018-05-06,3.227771543
2018-05-07,3.259105033
2018-05-08,3.817537675
2018-05-09,4.354547149
2018-05-10,4.551813489
2018-05-11,4.633179386
2018-05-12,4.672146387
2018-05-13,4.683058776
2018-05-14,4.703287863
2018-05-15,4.523458662
2018-05-16,4.113340938
2018-05-17,3.802731135
2018-05-18,3.604614203
2018-05-19,3.47717149
2018-05-20,3.40212493
2018-05-21,3.310066835
2018-05-22,3.235309165
2018-05-23,3.18261239
2018-05-24,3.142158612
2018-05-25,3.114287275
2018-05-26,3.050457528
2018-05-27,3.073620863
2018-05-28,3.068029794
2018-05-29,3.077198685
2018-05-30,3.038771308
2018-05-31,2.981273236
2018-06-01,2.902112792
2018-06-02,2.89630468
2018-06-03,2.891299307
2018-06-04,2.853558979
2018-06-05,2.822306435
2018-06-06,2.806306094
2018-06-07,2.765148021
2018-06-08,2.691040049
2018-06-09,2.610997341
2018-06-10,2.581144378
2018-06-11,2.534112199
2018-06-12,2.446355387
2018-06-13,2.38761657
2018-06-14,2.363605813
2018-06-15,2.413379119
2018-06-16,2.43057152
2018-06-17,2.380473683
2018-06-18,2.344121968
2018-06-19,2.305162892
2018-06-20,2.229067144
2018-06-21,2.185252073
2018-06-22,2.139428921
2018-06-23,2.133573461
2018-06-24,2.129159255
2018-06-25,2.164375958
2018-06-26,2.160355852
2018-06-27,2.118715295
2018-06-28,2.032133318
2018-06-29,1.983457629
2018-06-30,1.978638343
2018-07-01,1.975008575
2018-07-02,1.975008575
2018-07-03,1.879698395
2018-07-04,1.928488559
2018-07-05,2.019460337
2018-07-06,1.975008575
2018-07-07,2.019460337
2018-07-08,1.975008575
2018-07-09,1.861938623
2018-07-10,1.864983925
2018-07-11,1.837822474
2018-07-12,1.75479739
2018-07-13,1.758186506
2018-07-14,1.576668179
2018-07-15,2.485834198
2018-07-16,2.637800783
2018-07-17,2.713620487
2018-07-18,2.764207393
2018-07-19,2.801260669
2018-07-20,2.830521094
2018-07-21,2.839449113
2018-07-22,2.380473683
2018-07-23,2.319798416
2018-07-24,2.301398012
2018-07-25,2.20579201
2018-07-26,2.155768926
2018-07-27,2.142629488
2018-07-28,2.145595402
2018-07-29,2.129159255
2018-07-30,2.070805053
2018-07-31,1.981784034
2018-08-01,2.053372372
2018-08-02,2.116588489
2018-08-03,2.157549076
2018-08-04,2.28039681
2018-08-05,2.262690647
2018-08-06,2.251078496
2018-08-07,2.322257319
2018-08-08,2.323456177
2018-08-09,2.307681593
2018-08-10,2.225216508
2018-08-11,2.124435699
2018-08-12,2.129159255
2018-08-13,2.191751457
2018-08-14,2.150989301
2018-08-15,2.193041109
2018-08-16,2.189949401
2018-08-17,2.324318424
2018-08-18,2.375307231
2018-08-19,2.380473683
2018-08-20,2.333609767
2018-08-21,2.356232649
2018-08-22,2.33068629
2018-08-23,2.389289363
2018-08-24,2.408447857
2018-08-25,2.375684768
2018-08-26,2.380473683
2018-08-27,2.351072124
2018-08-28,2.379453442
2018-08-29,2.39054416
2018-08-30,2.377443646
2018-08-31,2.363706558
2018-09-01,2.395089093
2018-09-02,2.380473683
2018-09-03,2.402905699
2018-09-04,2.404495325
2018-09-05,2.405433755
2018-09-06,2.36646434
2018-09-07,2.379148826
2018-09-08,2.388739006
2018-09-09,2.380473683
2018-09-10,2.39707338
2018-09-11,2.453600728
2018-09-12,2.523282027
2018-09-13,2.570956111
2018-09-14,2.562733809
2018-09-15,2.564982839
2018-09-16,2.581144378
2018-09-17,2.593503674
2018-09-18,2.539818063
2018-09-19,2.483614241
2018-09-20,2.554345227
2018-09-21,2.532109872
2018-09-22,2.589701713
2018-09-23,2.581144378
2018-09-24,2.52417798
2018-09-25,2.557204588
2018-09-26,2.625584532
2018-09-27,2.583600151
2018-09-28,2.581818105
2018-09-29,2.511004917
2018-09-30,2.485834198
2018-10-01,2.551065449
2018-10-02,2.571332801
2018-10-03,2.571031091
2018-10-04,2.557989692
2018-10-05,2.600538415
2018-10-06,2.63124133
2018-10-07,2.668155755
2018-10-08,2.656676247
2018-10-09,2.659483008
2018-10-10,2.658642751
2018-10-11,2.743582336
2018-10-12,2.754639179
2018-10-13,2.707934052
2018-10-14,2.668155755
2018-10-15,2.663311557
2018-10-16,2.627898099
2018-10-17,2.596424738
2018-10-18,2.50494818
2018-10-19,2.49516891
2018-10-20,2.533984532
2018-10-21,2.581144378
2018-10-22,2.622090571
2018-10-23,2.704332865
2018-10-24,2.770260594
2018-10-25,2.773609653
2018-10-26,2.788266136
2018-10-27,2.840494807
2018-10-28,2.822306435
2018-10-29,2.792101908
2018-10-30,2.748351089
2018-10-31,2.679978074
2018-11-01,2.694938875
2018-11-02,2.678957852
2018-11-03,2.654678032
2018-11-04,2.668155755
2018-11-05,2.682820703
2018-11-06,2.762090697
2018-11-07,2.916991061
2018-11-08,3.071770759
2018-11-09,3.133505188
2018-11-10,3.144927626
2018-11-11,3.127688085
2018-11-12,3.128230369
2018-11-13,3.087505367
2018-11-14,2.949126511
2018-11-15,2.691951653
2018-11-16,2.468913862
2018-11-17,2.354246077
2018-11-18,2.380473683
2018-11-19,2.397724448
2018-11-20,2.330480203
2018-11-21,2.388796112
2018-11-22,2.551109476
2018-11-23,2.762193837
2018-11-24,2.902993573
2018-11-25,2.955837828
2018-11-26,2.92599171
2018-11-27,3.002798663
2018-11-28,3.023742119
2018-11-29,3.010598372
2018-11-30,2.964981503
2018-12-01,2.92906794
2018-12-02,2.891299307
2018-12-03,2.906547915
2018-12-04,2.886157327
2018-12-05,2.937035664
2018-12-06,2.934660853
2018-12-07,2.980408482
2018-12-08,3.000077589
2018-12-09,3.01646245
2018-12-10,3.00616079
2018-12-11,2.99927269
2018-12-12,2.962087035
2018-12-13,2.962969125
2018-12-14,2.867313269
2018-12-15,2.73502522
2018-12-16,2.668155755
2018-12-17,2.67366238
2018-12-18,2.525639963
2018-12-19,2.41079438
2018-12-20,2.29605018
2018-12-21,2.18453541
2018-12-22,2.039940669
2018-12-23,2.129159255
2018-12-24,2.080150395
2018-12-25,2.096793601
2018-12-26,1.850463874
2018-12-27,1.751970148
2018-12-28,1.880820091
2018-12-29,2.123028924
2018-12-30,2.129159255
2018-12-31,2.220636759
2019-01-01,2.280525523
2019-01-02,2.522820047
2019-01-03,2.646305627
2019-01-04,2.690875429
2019-01-05,2.764261283
2019-01-06,2.748198463
2019-01-07,2.706034606
2019-01-08,2.72862799
2019-01-09,2.721647306
2019-01-10,2.727906648
2019-01-11,2.828219603
2019-01-12,2.831705862
2019-01-13,2.822306435
2019-01-14,2.859260236
2019-01-15,2.835372793
2019-01-16,2.801862993
2019-01-17,2.798663294
2019-01-18,2.708794426
2019-01-19,2.65627918
2019-01-20,2.668155755
2019-01-21,2.655865932
2019-01-22,2.688215758
2019-01-23,2.707990962
2019-01-24,2.6828869
2019-01-25,2.639084277
2019-01-26,2.626489131
2019-01-27,2.581144378
2019-01-28,2.567027389
2019-01-29,2.610469876
2019-01-30,2.576802473
2019-01-31,2.566693001
2019-02-01,2.60301078
2019-02-02,2.628302672
2019-02-03,2.668155755
2019-02-04,2.718178986
2019-02-05,2.751425313
2019-02-06,2.82200627
2019-02-07,2.912775712
2019-02-08,2.963815376
2019-02-09,2.962642355
2019-02-10,2.955837828
2019-02-11,2.884583183
2019-02-12,2.80834731
2019-02-13,2.802178379
2019-02-14,2.733210063
2019-02-15,2.647675675
2019-02-16,2.63457946
2019-02-17,2.668155755
2019-02-18,2.660648469
2019-02-19,2.758617459
2019-02-20,2.732228047
2019-02-21,2.736499654
2019-02-22,2.783491846
2019-02-23,2.782048104
2019-02-24,2.748198463
2019-02-25,2.808635001
2019-02-26,2.764796786
2019-02-27,2.790725392
2019-02-28,2.807952258
2019-03-01,2.864687449
2019-03-02,2.917774405
2019-03-03,2.955837828
2019-03-04,2.985052096
2019-03-05,3.017029836
2019-03-06,3.044462437
2019-03-07,3.02982908
2019-03-08,2.997667717
2019-03-09,2.984522976
2019-03-10,2.955837828
2019-03-11,2.954498753
2019-03-12,2.901633127
2019-03-13,2.864776834
2019-03-14,2.879495257
2019-03-15,2.886872122
2019-03-16,2.90122162
2019-03-17,2.891299307
2019-03-18,2.871845391
2019-03-19,2.947351262
2019-03-20,2.968408958
2019-03-21,3.018708366
2019-03-22,2.996333305
2019-03-23,2.992037854
2019-03-24,3.01646245
2019-03-25,3.047065291
2019-03-26,3.025499226
2019-03-27,3.001586711
2019-03-28,3.012814367
2019-03-29,3.048577147
2019-03-30,3.071826416
2019-03-31,3.073620863
2019-04-01,3.073869891
2019-04-02,3.098565014
2019-04-03,3.148857855
2019-04-04,3.132587903
2019-04-05,3.135787527
2019-04-06,3.123043394
2019-04-07,3.127688085
2019-04-08,3.141043224
2019-04-09,3.163214591
2019-04-10,3.202141143
2019-04-11,3.14266058
2019-04-12,3.065198852
2019-04-13,2.963602842
2019-04-14,2.955837828
2019-04-15,2.925109935
2019-04-16,2.87635555
2019-04-17,2.816051011
2019-04-18,2.888166314
2019-04-19,2.962284216
2019-04-20,3.063696867
2019-04-21,3.073620863
2019-04-22,3.050533325
2019-04-23,3.082748443
2019-04-24,3.117025506
2019-04-25,3.104254913
2019-04-26,3.125665863
2019-04-27,3.146633808
2019-04-28,3.178981379
2019-04-29,3.305931966
2019-04-30,3.401309934
2019-05-01,3.466979853
2019-05-02,3.521161594
2019-05-03,3.523075502
2019-05-04,3.544996947
2019-05-05,3.515453616
2019-05-06,3.445827762
2019-05-07,3.354355445
2019-05-08,3.305213182
2019-05-09,3.327463879
2019-05-10,3.327387465
2019-05-11,3.279492455
2019-05-12,3.274291559
2019-05-13,3.230420174
2019-05-14,3.218860827
2019-05-15,3.141775569
2019-05-16,3.048129141
2019-05-17,3.001793667
2019-05-18,2.960944057
2019-05-19,2.955837828
2019-05-20,2.912254598
2019-05-21,2.789365379
2019-05-22,2.823673772
2019-05-23,2.777783798
2019-05-24,2.808347179
2019-05-25,2.815164615
2019-05-26,2.822306435
2019-05-27,2.899669551
2019-05-28,2.997801609
2019-05-29,2.920524773
2019-05-30,2.893578335
2019-05-31,2.798664536
2019-06-01,2.744536068
2019-06-02,2.748198463
2019-06-03,2.673179656
2019-06-04,2.469312558
2019-06-05,2.401822707
2019-06-06,2.340589498
2019-06-07,2.294219935
2019-06-08,2.268124964
2019-06-09,2.262690647
2019-06-10,2.24676835
2019-06-11,2.32706218
2019-06-12,2.276220023
2019-06-13,2.210176671
2019-06-14,2.254044102
2019-06-15,2.192121536
2019-06-16,2.129159255
2019-06-17,2.19215686
2019-06-18,2.150977589
2019-06-19,2.170999864
2019-06-20,2.165355518
2019-06-21,2.05022462
2019-06-22,2.235645339
2019-06-23,2.262690647
2019-06-24,2.233204838
2019-06-25,2.196148424
2019-06-26,2.18954864
2019-06-27,2.159686344
2019-06-28,2.187827595
2019-06-29,2.066842908
2019-06-30,2.129159255
2019-07-01,2.168837738
2019-07-02,2.229572488
2019-07-03,2.257944554
2019-07-04,2.246364923
2019-07-05,2.242700502
2019-07-06,2.184729106
2019-07-07,1.975008575
2019-07-08,1.850000549
2019-07-09,1.720220383
2019-07-10,1.689246142
2019-07-11,1.77878792
2019-07-12,1.944291452
2019-07-13,2.085591034
2019-07-14,2.262690647
2019-07-15,2.327822088
2019-07-16,2.455559389
2019-07-17,2.533439418
2019-07-18,2.552579053
2019-07-19,2.495603081
2019-07-20,2.417565635
2019-07-21,2.380473683
2019-07-22,2.39144558
2019-07-23,2.331934669
2019-07-24,2.204867119
2019-07-25,2.191510735
2019-07-26,2.170831951
2019-07-27,2.138361967
2019-07-28,2.129159255
2019-07-29,2.097376995
2019-07-30,2.027036998
2019-07-31,2.044772247
2019-08-01,2.002658375
2019-08-02,2.052846501
2019-08-03,2.11384502
2019-08-04,1.975008575
2019-08-05,1.928814457
2019-08-06,1.963732848
2019-08-07,1.95094767
2019-08-08,1.958427238
2019-08-09,2.185841189
2019-08-10,2.51756424
2019-08-11,2.748198463
2019-08-12,2.906634201
2019-08-13,3.001994914
2019-08-14,3.095438809
2019-08-15,3.169009802
2019-08-16,3.133166896
2019-08-17,2.990808689
2019-08-18,2.891299307
2019-08-19,2.76142118
2019-08-20,2.643412308
2019-08-21,2.486868969
2019-08-22,2.402190342
2019-08-23,2.346738198
2019-08-24,2.291276761
2019-08-25,2.262690647
2019-08-26,2.260903337
2019-08-27,2.184653397
2019-08-28,2.236456669
2019-08-29,2.260306856
2019-08-30,2.14891088
2019-08-31,2.165428283
2019-09-01,2.129159255
2019-09-02,2.146837252
2019-09-03,2.326413161
2019-09-04,2.328978963
2019-09-05,2.327142679
2019-09-06,2.419889098
2019-09-07,2.447232352
2019-09-08,2.485834198
2019-09-09,2.481178013
2019-09-10,2.411230658
2019-09-11,2.417703041
2019-09-12,2.429989984
2019-09-13,2.446527604
2019-09-14,2.415456866
2019-09-15,2.380473683
2019-09-16,2.347800448
2019-09-17,2.373206796
2019-09-18,2.373453401
2019-09-19,2.316375794
2019-09-20,2.258710492
2019-09-21,2.330448015
2019-09-22,2.380473683
2019-09-23,2.367782524
2019-09-24,2.415463087
2019-09-25,2.465374544
2019-09-26,2.465471225
2019-09-27,2.677778385
2019-09-28,2.749463255
2019-09-29,2.748198463
2019-09-30,2.7899211
2019-10-01,2.834253159
2019-10-02,2.852659242
2019-10-03,2.952477853
2019-10-04,2.880402231
2019-10-05,2.839683571
2019-10-06,2.822306435
2019-10-07,2.765135747
2019-10-08,2.681256835
2019-10-09,2.630365061
2019-10-10,2.48889172
2019-10-11,2.42067969
2019-10-12,2.364026454
2019-10-13,2.262690647
2019-10-14,2.292642746
2019-10-15,2.350606733
2019-10-16,2.421732309
2019-10-17,2.476419917
2019-10-18,2.481794726
2019-10-19,2.485834198
2019-10-20,2.485834198
2019-10-21,2.498572338
2019-10-22,2.501634737
2019-10-23,2.447409819
2019-10-24,2.504299825
2019-10-25,2.495985575
2019-10-26,2.483062194
2019-10-27,2.581144378
2019-10-28,2.603017706
2019-10-29,2.566785117
2019-10-30,2.56779659
2019-10-31,2.481751838
2019-11-01,2.484755264
2019-11-02,2.50620175
2019-11-03,2.485834198
2019-11-04,2.4636537
2019-11-05,2.495551732
2019-11-06,2.610341051
2019-11-07,2.739926656
2019-11-08,2.821142167
2019-11-09,2.873870756
2019-11-10,2.891299307
2019-11-11,2.943677627
2019-11-12,2.986408662
2019-11-13,3.016926183
2019-11-14,3.013964805
2019-11-15,3.018494475
2019-11-16,3.015815416
2019-11-17,3.01646245
2019-11-18,2.998172618
2019-11-19,2.987509273
2019-11-20,2.899570317
2019-11-21,2.766125175
2019-11-22,2.59429813
2019-11-23,2.478174156
2019-11-24,2.485834198
2019-11-25,2.416581055
2019-11-26,2.348745942
2019-11-27,2.427734902
2019-11-28,2.585907376
2019-11-29,2.723713288
2019-11-30,2.798143058
2019-12-01,2.822306435
2019-12-02,2.83866431
2019-12-03,2.944993993
2019-12-04,2.911081953
2019-12-05,2.908879324
2019-12-06,2.908294514
2019-12-07,2.906348827
2019-12-08,2.891299307
2019-12-09,2.913308591
2019-12-10,2.821160031
2019-12-11,2.821086841
2019-12-12,2.755583502
2019-12-13,2.707235597
2019-12-14,2.680501571
2019-12-15,2.668155755
2019-12-16,2.624793305
2019-12-17,2.530632407
2019-12-18,2.41965901
2019-12-19,2.292641273
2019-12-20,2.183217397
2019-12-21,2.140236442
2019-12-22,2.129159255
2019-12-23,1.991800838
2019-12-24,1.937413221
2019-12-25,1.873162564
2019-12-26,1.854839289
2019-12-27,1.934790316
2019-12-28,2.063679348
2019-12-29,2.129159255
2019-12-30,2.310630109
2019-12-31,2.395410577
2020-01-01,2.466045623
2020-01-02,2.559170991
2020-01-03,2.608704454
2020-01-04,2.599706396
2020-01-05,2.581144378
2020-01-06,2.65815989
2020-01-07,2.757407363
2020-01-08,2.833408023
2020-01-09,2.871300079
2020-01-10,2.873622623
2020-01-11,2.837109978
2020-01-12,2.822306435
2020-01-13,2.718884904
2020-01-14,2.631094462
2020-01-15,2.567775035
2020-01-16,2.544879507
2020-01-17,2.554118638
2020-01-18,2.597282894
2020-01-19,2.581144378
2020-01-20,2.611233947
2020-01-21,2.659451051
2020-01-22,3.089562368
2020-01-23,3.501029802
2020-01-24,3.619664109
2020-01-25,3.689341824
2020-01-26,3.738597167
2020-01-27,3.778715617
2020-01-28,3.793300392
2020-01-29,3.6316807
2020-01-30,3.300302308
2020-01-31,3.171491864
2020-02-01,3.027778274
2020-02-02,2.955837828
2020-02-03,2.897813988
2020-02-04,2.900408023
2020-02-05,2.932830069
2020-02-06,2.962871854
2020-02-07,2.922037691
2020-02-08,2.976120924
2020-02-09,2.955837828
2020-02-10,2.938247038
2020-02-11,2.848880956
2020-02-12,2.807511656
2020-02-13,2.809256467
2020-02-14,2.772254972
2020-02-15,2.753442178
2020-02-16,2.748198463
2020-02-17,2.742067067
2020-02-18,2.856591806
2020-02-19,2.814211472
2020-02-20,2.869211928
2020-02-21,2.917611783
2020-02-22,2.894824831
2020-02-23,2.891299307
2020-02-24,2.883469144
2020-02-25,2.821923577
2020-02-26,2.848798081
2020-02-27,2.731470807
2020-02-28,2.757142965
2020-02-29,2.754180219
2020-03-01,2.748198463
2020-03-02,2.761090975
2020-03-03,2.784642069
2020-03-04,2.775300806
2020-03-05,2.765159055
2020-03-06,2.677381622
2020-03-07,2.646081298
2020-03-08,2.668155755
2020-03-09,2.602910858
2020-03-10,2.455744258
2020-03-11,2.35109157
2020-03-12,2.277111093
2020-03-13,2.180298999
2020-03-14,2.171784695
2020-03-15,2.129159255
2020-03-16,2.206697882
2020-03-17,2.29248656
2020-03-18,2.317959505
2020-03-19,2.315713766
2020-03-20,2.392785827
2020-03-21,2.403264354
2020-03-22,2.485834198
2020-03-23,2.469149101
2020-03-24,2.451135266
2020-03-25,2.489616351
2020-03-26,2.495012612
2020-03-27,2.487979174
2020-03-28,2.525093776
2020-03-29,2.485834198
2020-03-30,2.478041463
2020-03-31,2.524182244
2020-04-01,2.47672102
2020-04-02,2.481053089
2020-04-03,2.445567346
2020-04-04,2.384751016
2020-04-05,2.668155755
2020-04-06,2.708083303
2020-04-07,2.73801269
2020-04-08,2.755995854
2020-04-09,2.796556342
2020-04-10,2.861088956
2020-04-11,2.944792879
2020-04-12,2.748198463
2020-04-13,2.826985227
2020-04-14,2.825907447
2020-04-15,2.899013583
2020-04-16,2.909317812
2020-04-17,2.898679414
2020-04-18,2.855131169
2020-04-19,2.891299307
2020-04-20,2.83371797
2020-04-21,2.850252167
2020-04-22,2.812797968
2020-04-23,2.857713615
2020-04-24,2.920787406
2020-04-25,2.955044701
2020-04-26,2.955837828
2020-04-27,2.96333712
2020-04-28,2.977970962
2020-04-29,3.003241714
2020-04-30,3.023524718
2020-05-01,3.017760038
2020-05-02,3.022247401
2020-05-03,3.01646245
2020-05-04,3.003991401
2020-05-05,2.98893254
2020-05-06,3.006257902
2020-05-07,2.983282225
2020-05-08,2.965838392
2020-05-09,3.010172258
2020-05-10,3.01646245
2020-05-11,3.013342166
2020-05-12,3.031101959
2020-05-13,3.020734694
2020-05-14,3.005838289
2020-05-15,3.045784495
2020-05-16,2.983076843
2020-05-17,2.955837828
2020-05-18,2.934668083
2020-05-19,2.853146731
2020-05-20,2.803064457
2020-05-21,2.738520627
2020-05-22,2.650087544
2020-05-23,2.679346774
2020-05-24,2.668155755
2020-05-25,2.692170027
2020-05-26,2.733879859
2020-05-27,2.698716766
2020-05-28,2.725479588
2020-05-29,2.671432624
2020-05-30,2.579831159
2020-05-31,2.581144378
2020-06-01,2.551917116
2020-06-02,2.516436588
2020-06-03,2.550708507
2020-06-04,2.490818728
2020-06-05,2.471194524
2020-06-06,2.428541995
2020-06-07,2.380473683
2020-06-08,2.386836273
2020-06-09,2.362739911
2020-06-10,2.323990874
2020-06-11,2.288576193
2020-06-12,2.291639518
2020-06-13,2.32410776
2020-06-14,2.380473683
2020-06-15,2.40778088
2020-06-16,2.382323038
2020-06-17,2.32129085
2020-06-18,2.370032168
2020-06-19,2.358348042
2020-06-20,2.37338628
2020-06-21,2.380473683
2020-06-22,2.347646566
2020-06-23,2.391451899
2020-06-24,2.478141602
2020-06-25,2.616079411
2020-06-26,2.742900387
2020-06-27,2.789233698
2020-06-28,2.822306435
2020-06-29,2.864750103
2020-06-30,2.844268302
2020-07-01,2.842805046
2020-07-02,2.775072564
2020-07-03,2.710184429
2020-07-04,2.65072186
2020-07-05,2.581144378
2020-07-06,2.551974051
2020-07-07,2.54626852
2020-07-08,2.49912458
2020-07-09,2.428432769
2020-07-10,2.66691735
2020-07-11,2.81615063
2020-07-12,2.891299307
2020-07-13,2.905155497
2020-07-14,2.912542375
2020-07-15,2.92283141
2020-07-16,2.909809346
2020-07-17,2.70863841
2020-07-18,2.563654034
2020-07-19,2.485834198
2020-07-20,2.423989895
2020-07-21,2.407766185
2020-07-22,2.351486308
2020-07-23,2.379721887
2020-07-24,2.352194497
2020-07-25,2.292366343
2020-07-26,2.262690647
2020-07-27,2.265753159
2020-07-28,2.26295648
2020-07-29,2.380038401
2020-07-30,2.419428105
2020-07-31,2.433455001
2020-08-01,2.511224372
2020-08-02,2.485834198
2020-08-03,2.492102923
2020-08-04,2.472097112
2020-08-05,2.428527846
2020-08-06,2.379615969
2020-08-07,2.634012104
2020-08-08,2.713075325
2020-08-09,2.822306435
2020-08-10,2.891669865
2020-08-11,2.944966039
2020-08-12,2.946380808
2020-08-13,2.961568219
2020-08-14,2.742520681
2020-08-15,2.600912938
2020-08-16,2.485834198
2020-08-17,2.397747108
2020-08-18,2.32101512
2020-08-19,2.294639544
2020-08-20,2.278864128
2020-08-21,2.306054078
2020-08-22,2.36502258
2020-08-23,2.380473683
2020-08-24,2.34065296
2020-08-25,2.343274118
2020-08-26,2.378662685
2020-08-27,2.387004385
2020-08-28,2.357765283
2020-08-29,2.350616566
2020-08-30,2.262690647
2020-08-31,2.122333289
2020-09-01,2.157987754
2020-09-02,2.112542641
2020-09-03,2.148969728
2020-09-04,2.209143196
2020-09-05,2.266661617
2020-09-06,2.380473683
2020-09-07,2.536819753
2020-09-08,2.553358283
2020-09-09,2.74828073
2020-09-10,2.904246799
2020-09-11,2.951127037
2020-09-12,2.937378703
2020-09-13,2.891299307
2020-09-14,2.896347068
2020-09-15,2.889235484
2020-09-16,2.756287486
2020-09-17,2.508984685
2020-09-18,2.461158962
2020-09-19,2.396458736
2020-09-20,2.380473683
2020-09-21,2.35712767
2020-09-22,2.329179098
2020-09-23,2.334867586
2020-09-24,2.417022601
2020-09-25,2.340702535
2020-09-26,2.354589183
2020-09-27,2.380473683
2020-09-28,2.310716159
2020-09-29,2.305916222
2020-09-30,2.215559558
2020-10-01,2.147266745
2020-10-02,2.358236345
2020-10-03,2.400659538
2020-10-04,2.485834198
2020-10-05,2.488131363
2020-10-06,2.510417833
2020-10-07,2.545116887
2020-10-08,2.529230949
2020-10-09,2.362709493
2020-10-10,2.321440108
2020-10-11,2.262690647
2020-10-12,2.253500056
2020-10-13,2.209766333
2020-10-14,2.158482802
2020-10-15,2.140753587
2020-10-16,2.185071402
2020-10-17,2.257310259
2020-10-18,2.262690647
2020-10-19,2.374150648
2020-10-20,2.426773555
2020-10-21,2.431642061
2020-10-22,2.493621165
2020-10-23,2.493758443
2020-10-24,2.418778965
2020-10-25,2.380473683
2020-10-26,2.307777233
2020-10-27,2.273878686
2020-10-28,2.319333736
2020-10-29,2.263878176
2020-10-30,2.207592178
2020-10-31,2.258314512
2020-11-01,2.262690647
2020-11-02,2.344461612
2020-11-03,2.398432448
2020-11-04,2.473105509
2020-11-05,2.531321935
2020-11-06,2.59828066
2020-11-07,2.587969564
2020-11-08,2.581144378
2020-11-09,2.543217504
2020-11-10,2.505997791
2020-11-11,2.491812228
2020-11-12,2.529918461
2020-11-13,2.509247981
2020-11-14,2.526217871
2020-11-15,2.581144378
2020-11-16,2.602502129
2020-11-17,2.628551544
2020-11-18,2.531879255
2020-11-19,2.41419755
2020-11-20,2.35750206
2020-11-21,2.311078877
2020-11-22,2.262690647
2020-11-23,2.220523699
2020-11-24,2.19933536
2020-11-25,2.241196839
2020-11-26,2.291130815
2020-11-27,2.314314735
2020-11-28,2.387937941
2020-11-29,2.380473683
2020-11-30,2.37407017
2020-12-01,2.435830082
2020-12-02,2.479310077
2020-12-03,2.500628835
2020-12-04,2.557033893
2020-12-05,2.540090394
2020-12-06,2.581144378
2020-12-07,2.586609979
2020-12-08,2.538010839
2020-12-09,2.493219102
2020-12-10,2.454995086
2020-12-11,2.383416674
2020-12-12,2.308821107
2020-12-13,2.262690647
2020-12-14,2.20984333
2020-12-15,2.136598721
2020-12-16,2.161096732
2020-12-17,2.156199808
2020-12-18,2.159922272
2020-12-19,2.02080818
2020-12-20,2.129159255
2020-12-21,2.189832931
2020-12-22,2.131688347
2020-12-23,2.088688185
2020-12-24,2.075872991
2020-12-25,2.094342857
2020-12-26,2.248493537
2020-12-27,2.129159255
2020-12-28,2.06322506
2020-12-29,2.193959248
2020-12-30,2.184106951
2020-12-31,2.251117662